<?xml version="1.0" encoding="UTF-8"?>

<screens xmlns:xsi="http://www.w3.org/2001/XMLSchema-instance"
        xsi:noNamespaceSchemaLocation="http://ofbiz.apache.org/dtds/widget-screen.xsd">
    
    <screen name="NewPartyTrainingRequestDetails">
        <section>
            <actions>
                <set field="titleProperty" value="Party Training Request Details"/>
                <set field="headerItem" value="Training"/>
                <set field="tabButtonItem" value="PartyTrainingRequest"/>
                <set field="requestId" from-field="parameters.requestId"/>
                <entity-one entity-name="PartyTrainingRequestDetails" value-field="PartyTrainingRequestDetails"/>
            </actions>
            <widgets>
            <!-- <decorator-section name="body"> -->
                <screenlet title="Party Training Request Details[${requestId}]">
                    <section>
                        <widgets>
                            <include-form name="NewPartyTrainingRequestDetails" location="component://humanres/widget/trainingDevelopment/forms/PartyTrainingRequestDetailsForms.xml"/>
                        </widgets>
                    </section>
                </screenlet>
           <!--  </decorator-section> -->
           </widgets>
        </section>
    </screen>
    
    <screen name="EditPartyTrainingRequestDetails">
        <section>
            <actions>
               <set field="titleProperty" value="Party Training Requisition"/>
                <set field="headerItem" value="Training"/>
                <set field="tabButtonItem" value="PartyTrainingRequest"/>
                <set field="PartyTrainingRequestCtx" from-field="parameters"/>     
               <set field="partyId" from-field="parameters.partyId"/>
               <set field="requestId" from-field="parameters.requestId"/>
               <set field="trainingOfferId" from-field="parameters.trainingOfferId"/>
               <set field="description" from-field="parameters.description"/>
               <entity-condition list="partyTrainingRequestDetailsList" entity-name="PartyTrainingRequestDetails">
	               <condition-list combine="and">
	               <condition-expr field-name="requestId" operator="equals" value="${requestId}"/>
	               <condition-expr field-name="isActive" operator="equals" value="Y"/>
	               </condition-list>
               </entity-condition>
                <entity-and entity-name="UserLogin" list="userLoginList">
                    <field-map field-name="partyId"  from-field="parameters.partyId"/>
             	</entity-and> 
                <entity-one entity-name="TrainingOffer" value-field="trainingOffer">
                    <field-map field-name="trainingOfferId"  from-field="parameters.trainingOfferId"/>
             	</entity-one> 
                <entity-one entity-name="PartyTrainingRequest" value-field="partyTrainingRequest">
                    <field-map field-name="requestId"  from-field="parameters.requestId"/>
                    <field-map field-name="trainingOfferId"  from-field="parameters.trainingOfferId"/>
                    <field-map field-name="partyId"  from-field="parameters.partyId"/>
             	</entity-one> 
            </actions>
            <widgets>
                <decorator-screen name="main-decorator" location="${parameters.mainDecoratorLocation}">
                    <decorator-section name="body"> 
						<include-menu name="TrainingTypeMenu" location="component://humanres/widget/HumanresMenus.xml"/>
		                <screenlet  title="Party Training Requisition [${requestId}]" navigation-menu-name="LinkForAddPartyTrainingRequestDetails">
							<container id="addPartyTrainingRequestDetailsPopUp"></container>
							<include-menu  name="LinkForAddPartyTrainingRequestDetails" location="component://humanres/widget/HumanresMenus.xml"/>
							<section>
                               <widgets>
                                   <include-form name="ViewPartyTrainingRequest" location="component://humanres/widget/trainingDevelopment/forms/PartyTrainingRequestForms.xml"/>
                                   <screenlet title="Edit Party Training Request Details">                                   	
                                   		<include-form name="EditPartyTrainingRequestDetails" location="component://humanres/widget/trainingDevelopment/forms/PartyTrainingRequestDetailsForms.xml"/>
                                   </screenlet>
                               </widgets>                           
	                        </section>             
						</screenlet>
                    </decorator-section>
                </decorator-screen>
            </widgets>
        </section>
    </screen>
    
       <!-- 
    <screen name="EditSalaryTemplateDetails">
        <section>
            <actions>
                <set field="titleProperty" value="Payroll Information"/>
                <set field="tabButtonItem" value="SalaryTemplate"/>
                <set field="payrollItemTypeId" from-field="parameters.payrollItemTypeId"/>
                <entity-one value-field="salaryTemDetail" entity-name="SalaryTemplateDetails"></entity-one>
            </actions>
            <widgets>
	           	<decorator-screen name="PayrollDecorator" location="${parameters.mainDecoratorLocation}">
		            <decorator-section name="body">
		                <screenlet title="Salary template details[${payrollItemTypeId}]">
		                    <section>
		                        <widgets>
		                            <include-form name="UpdateSalaryTemplateDetails" location="component://payroll/widget/configuration/forms/SalaryTemplateDetailsForms.xml"/>
		                        </widgets>
		                    </section>
		                </screenlet>
		           </decorator-section>
	          	</decorator-screen>
            </widgets>
        </section>
    </screen>
       
   
    <screen name="FindSalaryTemplateDetails">
        <section>
            <actions>
                <set field="tabButtonItem" value="SalaryTemplate"/>
                <set field="titleProperty" value="Payroll Information"/>
                <entity-one entity-name="SalaryTemplate" value-field="SalaryTemplate"/>
                <set field="SalaryTemplateCtx" from-field="parameters"/>
            </actions>
            <widgets>               
                <decorator-screen name="PayrollDecorator" location="${parameters.mainDecoratorLocation}">
                    <decorator-section name="body">
                        <decorator-screen name="FindScreenDecorator" location="component://common/widget/CommonScreens.xml">
                            <decorator-section name="search-results">
                                <include-form name="ListSalaryTemplates" location="component://payroll/widget/configuration/forms/SalaryTemplateForms.xml"/>
                            </decorator-section>
                        </decorator-screen>
                    </decorator-section>
                </decorator-screen>
            </widgets>
        </section>
    </screen> -->
</screens>