<?xml version="1.0" encoding="UTF-8"?>
<!--
    Licensed to the Apache Software Foundation (ASF) under one
    or more contributor license agreements.  See the NOTICE file
    distributed with this work for additional information
    regarding copyright ownership.  The ASF licenses this file
    to you under the Apache License, Version 2.0 (the
    "License"); you may not use this file except in compliance
    with the License.  You may obtain a copy of the License at

    http://www.apache.org/licenses/LICENSE-2.0

    Unless required by applicable law or agreed to in writing,
    software distributed under the License is distributed on an
    "AS IS" BASIS, WITHOUT WARRANTIES OR CONDITIONS OF ANY
    KIND, either express or implied.  See the License for the
    specific language governing permissions and limitations
    under the License.
-->

<screens xmlns:xsi="http://www.w3.org/2001/XMLSchema-instance"
        xsi:noNamespaceSchemaLocation="http://ofbiz.apache.org/dtds/widget-screen.xsd">
    <!-- TrainingOffer -->
    <screen name="FindTrainingOffer">
        <section>
            <actions>               
                <set field="headerItem" value="Training"/>
                <set field="tabButtonItem" value="TrainingOffer"/>
                <set field="trainingOfferId" from-field="parameters.trainingOfferId"/>
                <entity-one entity-name="TrainingOffer" value-field="trainingOfferId"/>
                <set field="TrainingOfferCtx" from-field="parameters"/>
            </actions>
            <widgets>               
                <decorator-screen name="main-decorator" location="${parameters.mainDecoratorLocation}">
                    <decorator-section name="body">
                        <include-menu name="TrainingTypeMenu" location="component://humanres/widget/HumanresMenus.xml"/>
                        <decorator-screen name="FindScreenDecorator" location="component://common/widget/CommonScreens.xml">
                            <decorator-section name="menu-bar">
                                <section>
                                    <widgets>
                                        <container style="button-bar">
                                            <link target="NewTrainingOffer" text="Create Training Offer" style="buttontext create"/>
                                        </container>
                                    </widgets>
                                </section>
                            </decorator-section>
                            <decorator-section name="search-options">
                                <include-form name="FindTrainingOffer" location="component://humanres/widget/trainingDevelopment/forms/TrainingDevelopmentOfferForms.xml"/>
                            </decorator-section>
                            <decorator-section name="search-results">
                                <include-form name="ListTrainingOffer" location="component://humanres/widget/trainingDevelopment/forms/TrainingDevelopmentOfferForms.xml"/>
                            </decorator-section>
                        </decorator-screen>
                    </decorator-section>
                </decorator-screen>
            </widgets>
        </section>
    </screen>   
    
    <screen name="UpdateTrainingOffer">
        <section>
            <actions>
                <set field="headerItem" value="Training"/>
                <set field="tabButtonItem" value="TrainingOffer"/>
                <set field="trainingOfferId" from-field="parameters.trainingOfferId"/>
                <entity-one entity-name="TrainingOffer" value-field="trainingOffer"/>            
            </actions>
            <widgets>               
                <decorator-screen name="main-decorator" location="${parameters.mainDecoratorLocation}">
                    <decorator-section name="body">
                       <include-menu name="TrainingTypeMenu" location="component://humanres/widget/HumanresMenus.xml"/>
                         <screenlet title="Update TrainingOffer">
                            <section>
                                <widgets>
                                    <include-form name="UpdateTrainingOffer" location="component://humanres/widget/trainingDevelopment/forms/TrainingDevelopmentOfferForms.xml"/>
                                </widgets>
                            </section>
                        </screenlet>
                    </decorator-section>
                </decorator-screen>
            </widgets>
        </section>
    </screen> 
    <screen name="NewTrainingOffer">
        <section>
            <actions>
                <set field="headerItem" value="Training"/>
                <set field="tabButtonItem" value="TrainingOffer"/>
                <set field="trainingOfferId" from-field="parameters.trainingOfferId"/>
                <entity-one entity-name="TrainingOffer" value-field="trainingOffer"/>            
            </actions>
            <widgets>               
                <decorator-screen name="main-decorator" location="${parameters.mainDecoratorLocation}">
                    <decorator-section name="body">
                       <include-menu name="TrainingTypeMenu" location="component://humanres/widget/HumanresMenus.xml"/>
                         <screenlet title="Create Training Offer">
                            <section>
                                <widgets>
                                    <include-form name="NewTrainingOffer" location="component://humanres/widget/trainingDevelopment/forms/TrainingDevelopmentOfferForms.xml"/>
                                </widgets>
                            </section>
                        </screenlet>
                    </decorator-section>
                </decorator-screen>
            </widgets>
        </section>
    </screen> 
</screens>