<?xml version="1.0" encoding="UTF-8"?>

<forms xmlns:xsi="http://www.w3.org/2001/XMLSchema-instance" 
       xsi:noNamespaceSchemaLocation="http://ofbiz.apache.org/dtds/widget-form.xsd">
   
  <form name="FindPerfApprApproverAssign" type="single" target="FindPerfApprApproverAssign" title=""
        header-row-style="header-row" default-table-style="basic-table">
        <auto-fields-entity entity-name="PartyPerfApprWorkflow" default-field-type="find"/>
        <field name="noConditionFind"><hidden value="Y"/><!-- if this isn't there then with all fields empty no query will be done --></field>
        <field name="description"><hidden/></field>
        <field name="isActive"><hidden/></field>
        <field name="dateAdded"><hidden/></field>
        <field name="partyId"><hidden/></field>
        <field name="employeeId" title="Employee Id" position="1"><lookup target-form-name="LookupUserLoginAndPartyDetails"/></field>       
        <field name="searchButton" title="${uiLabelMap.CommonFind}" widget-style="smallSubmit"><submit button-type="button"/></field>
    </form>
    <form name="ListPerfApprApproverAssign" type="multi" list-name="listIt" use-row-submit="true" target="updatePerformanceAppraisal" paginate-target="FindPerfApprApproverAssign" odd-row-style="alternate-row" header-row-style="header-row-2"
        default-table-style="basic-table hover-bar">
        <actions>
            <service service-name="performFind" result-map="result" result-map-list="listIt">
                <field-map field-name="inputFields" from-field="PartyPerfApprWorkflowCtx"/>
                <field-map field-name="entityName" value="PartyPerfApprWorkflow"/>                
                <field-map field-name="viewIndex" from-field="viewIndex"/>
                <field-map field-name="viewSize" from-field="viewSize"/>
            </service>
            
        </actions>
       <!--  <row-actions>
        <set field="employeeId" from-field="parameters.employeeId"/>
        <entity-and entity-name="UserLogin" list="userLogin">
        <field-map field-name="partyId" from-field="partyId"/>
        </entity-and>
        </row-actions> -->
       <!--  <field name="partyId" title="party Id"><display description="${userLogin[0].userLoginId}"></display></field> -->
        <field name="partyId"><display/></field>
        <field name="employeeId"><display/></field>
        <field name="firstLevelApprover"><display/></field>
        <field name="secondLevelApprover"><display/></field>
        <field name="thirdLevelApprover"><display/></field>
        <field name="description"><display/></field>
        <field name="dateAdded"><display/></field>
        <field name="isActive"><display/></field> 
        <field name="EditLink" title="Edit" widget-style="buttontext">
            <hyperlink target="editPerfApprApproverAssign" description="Edit" also-hidden="false">
                <parameter param-name="partyId"/>
                <parameter param-name="employeeId"/>
                <parameter param-name="firstLevelApprover"/>
                <parameter param-name="secondLevelApprover"/>
                <parameter param-name="thirdLevelApprover"/>
                <parameter param-name="description"/>
                <parameter param-name="isActive"/>
                <parameter param-name="dateAdded"/>
            </hyperlink>
        </field>
        <field name="deleteLink" title="Delete" widget-style="buttontext">
            <hyperlink target="deletePerfApprApproverAssign" description="${uiLabelMap.CommonDelete}" also-hidden="false" request-confirmation="true">
                <parameter param-name="partyId"/>
            </hyperlink>
        </field>
    </form>
    
    <form name="NewPerfApprApproverAssign" type="single" target="createPerfApprApproverAssign" header-row-style="header-row" default-table-style="basic-table">
        <field name="employeeId" title="Employee Id"><lookup target-form-name="LookupUserLoginAndPartyDetails"/></field>
        <field name="firstLevelApprover" title="First Level Approver"><lookup target-form-name="LookupUserLoginAndPartyDetails"/></field>
        <field name="secondLevelApprover" title="Second Level Approver"><lookup target-form-name="LookupUserLoginAndPartyDetails"/></field>
        <field name="thirdLevelApprover" title="Third Level Approver"><lookup target-form-name="LookupUserLoginAndPartyDetails"/></field>
        <field name="description" title="Description"><textarea/></field>
        <field name="submitButton" title="${uiLabelMap.CommonCreate}" widget-style="buttontext"><submit button-type="text-link"/></field>
    </form>
    
    <form name="UpdatePerfApprApproverAssign" type="single" target="updatePerfApprApproverAssign" header-row-style="header-row" default-table-style="basic-table">
        <field name="partyId"><hidden/></field>
        <field name="employeeId" title="Employee Id"><display description="${userLoginList[0].userLoginId}"></display></field>
        <field name="firstLevelApprover" title="First Level Approver"><lookup target-form-name="LookupUserLoginAndPartyDetails"/></field>
        <field name="secondLevelApprover" title="Second Level Approver"><lookup target-form-name="LookupUserLoginAndPartyDetails"/></field>
        <field name="thirdLevelApprover" title="Third Level Approver"><lookup target-form-name="LookupUserLoginAndPartyDetails"/></field>
        <field name="description" title="Description"><textarea/></field>
        <field name="submitButton" title="Update" widget-style="buttontext"><submit button-type="text-link"/></field>
    </form>
   
</forms> 