<?xml version="1.0" encoding="UTF-8"?>

<screens xmlns:xsi="http://www.w3.org/2001/XMLSchema-instance"
        xsi:noNamespaceSchemaLocation="http://ofbiz.apache.org/dtds/widget-screen.xsd">

<screen name="FindPerfApprApproverAssignView">
        <section>
            <actions>
                <set field="titleProperty" value="Find Employee Approvar"/>
                <set field="headerItem" value="PerfAppraisal"/>
                <set field="tabButtonItem" value="PerfApprApproverAssign"/>
                <set field="partyId" from-field="parameters.partyId"/>
                <entity-one entity-name="PartyPerfApprWorkflow" value-field="partyId"/>
                <set field="PartyPerfApprWorkflowCtx" from-field="parameters"/>
            </actions>
            <widgets>               
                <decorator-screen name="main-decorator" location="${parameters.mainDecoratorLocation}">
                    <decorator-section name="body">
                        <include-menu name="PerformanceAppraisalMenus" location="component://humanres/widget/perfappr/PerformanceAppraisalMenus.xml"/>
                        <decorator-screen name="FindScreenDecorator" location="component://common/widget/CommonScreens.xml">
                            <decorator-section name="menu-bar">
                                <section>
                                    <widgets>
                                        <container style="button-bar">
                                            <link target="NewPerfApprApproverAssign" text="Assign Approver" style="buttontext create"/>
                                        </container>
                                    </widgets>
                                </section>
                            </decorator-section>
                            <decorator-section name="search-options">
                                <include-form name="FindPerfApprApproverAssign" location="component://humanres/widget/perfappr/PerfApprApproverAssignForms.xml"/>
                            </decorator-section>
                            <decorator-section name="search-results">
                                <include-form name="ListPerfApprApproverAssign" location="component://humanres/widget/perfappr/PerfApprApproverAssignForms.xml"/>
                            </decorator-section>
                        </decorator-screen>
                    </decorator-section>
                </decorator-screen>
            </widgets>
        </section>
    </screen>   
    
    <screen name="NewPerfApprApproverAssign">
        <section>
            <actions>
                <set field="titleProperty" value="Employee Bonus Setup"/>
                <set field="headerItem" value="PerfAppraisal"/>
                <set field="tabButtonItem" value="PerfApprApproverAssign"/>
                <set field="partyId" from-field="parameters.partyId"/>
                <entity-one entity-name="PartyPerfApprWorkflow" value-field="partyId"/>                
            </actions>
            <widgets>               
                <decorator-screen name="main-decorator" location="${parameters.mainDecoratorLocation}">
                    <decorator-section name="body">
                       <include-menu name="PerformanceAppraisalMenus" location="component://humanres/widget/perfappr/PerformanceAppraisalMenus.xml"/>
                         <screenlet title="Create Employee Performance Apprisal Approver">
                            <section>
                                <widgets>
                                    <include-form name="NewPerfApprApproverAssign" location="component://humanres/widget/perfappr/PerfApprApproverAssignForms.xml"/>
                                </widgets>
                            </section>
                        </screenlet>
                    </decorator-section>
                </decorator-screen>
            </widgets>
        </section>
    </screen>   
    
    <screen name="UpdatePerfApprApproverAssign">
        <section>
            <actions>
                <set field="titleProperty" value="Employee Bonus Setup"/>
                <set field="headerItem" value="PerfAppraisal"/>
                <set field="tabButtonItem" value="PerfApprApproverAssign"/>
                <set field="partyId" from-field="parameters.partyId"/>
                <set field="employeeId" from-field="parameters.employeeId"/>
                <entity-one entity-name="PartyPerfApprWorkflow" value-field="partyPerfApprWorkflow"/>
                <entity-and entity-name="UserLogin" list="userLoginList">
                    <field-map field-name="partyId"  from-field="parameters.partyId"/>
             	</entity-and>               
            </actions>
            <widgets>               
                <decorator-screen name="main-decorator" location="${parameters.mainDecoratorLocation}">
                    <decorator-section name="body">
                       <include-menu name="PerformanceAppraisalMenus" location="component://humanres/widget/perfappr/PerformanceAppraisalMenus.xml"/>
                         <screenlet title="Update Employee Performance Appraisal Approvar">
                            <section>
                                <widgets>
                                    <include-form name="UpdatePerfApprApproverAssign" location="component://humanres/widget/perfappr/PerfApprApproverAssignForms.xml"/>
                                </widgets>
                            </section>
                        </screenlet>
                    </decorator-section>
                </decorator-screen>
            </widgets>
        </section>
    </screen> 
	
</screens>