<?xml version="1.0" encoding="UTF-8"?>
<!-- Licensed to the Apache Software Foundation (ASF) under one or more contributor 
	license agreements. See the NOTICE file distributed with this work for additional 
	information regarding copyright ownership. The ASF licenses this file to 
	you under the Apache License, Version 2.0 (the "License"); you may not use 
	this file except in compliance with the License. You may obtain a copy of 
	the License at http://www.apache.org/licenses/LICENSE-2.0 Unless required 
	by applicable law or agreed to in writing, software distributed under the 
	License is distributed on an "AS IS" BASIS, WITHOUT WARRANTIES OR CONDITIONS 
	OF ANY KIND, either express or implied. See the License for the specific 
	language governing permissions and limitations under the License. -->

<screens xmlns:xsi="http://www.w3.org/2001/XMLSchema-instance"
	xsi:noNamespaceSchemaLocation="http://ofbiz.apache.org/dtds/widget-screen.xsd">


    <!--     this is for Yearly manager KPI view page -->
	<!--     this is under Manager KPI view Menu -->
	<!--  	 Manager View for an employee's KPI details for a Specific month   -->
	<screen name="viewMonthlyKPIForManager">
		<section>
			<actions>

				<set field="headerItem" value="ManagerKpiView" />
				<set field="tabButtonItem" value="Monthly" />
				<set field="titleProperty" value="MonthlyKpi" />
				<set field="mMonth" from-field="parameters.mMonth" />
				<set field="partyId" from-field="parameters.partyId" />
				<set field="mYear" from-field="${parameters.mYear}" />

				<entity-condition list="listKpiMonthly"
					entity-name="EmployeeGoalsAndKpiMonthly">
					<condition-list combine="and">
						<condition-expr field-name="partyId" operator="equals"
							value="${parameters.partyId}" />
						<condition-expr field-name="mMonth" operator="equals"
							value="${parameters.mMonth}" />
						<condition-expr field-name="mYear" operator="equals"
							value="${parameters.mYear}" />
					</condition-list>
				</entity-condition>
				<entity-condition list="listKpiOverallMonthly"
					entity-name="EmployeeGAKOvrlStatMonthly">
					<condition-list combine="and">
						<condition-expr field-name="partyId" operator="equals"
							value="${parameters.partyId}" />
						<condition-expr field-name="mMonth" operator="equals"
							value="${parameters.mMonth}" />
						<condition-expr field-name="mYear" operator="equals"
							value="${parameters.mYear}" />
					</condition-list>
				</entity-condition>
			</actions>
			<widgets>
				<decorator-screen name="main-decorator"
					location="${parameters.mainDecoratorLocation}">
					<decorator-section name="pre-body">
						<include-menu name="ManagerKpiViewTab"
							location="component://humanres/widget/HumanresMenus.xml" />
					</decorator-section>
					<decorator-section name="body">

						<section>
							<widgets>
								<!-- <include-form name="monthlyOvrlAchvStatus" -->
								<!-- location="component://humanres/widget/goalsandkpi/managerkpiview/GoalsAndKpiForms.xml" 
									/> -->
								<include-form name="monthlyOvrlAchvStatus2"
									location="component://humanres/widget/goalsandkpi/JobReqCompSettingForms.xml" />
							</widgets>
						</section>
						<section>
							<widgets>
								<container>
									<screenlet id="viewMonthlyKPI" title="Kpi Information"
										collapsible="true">
										<include-form name="viewMonthlyKPIform"
											location="component://humanres/widget/goalsandkpi/managerkpiview/GoalsAndKpiForms.xml" />
									</screenlet>
								</container>
							</widgets>
						</section>

					</decorator-section>
				</decorator-screen>
			</widgets>
		</section>
	</screen>

</screens>
