<?xml version="1.0" encoding="UTF-8"?>
<!--
Licensed to the Apache Software Foundation (ASF) under one
or more contributor license agreements.  See the NOTICE file
distributed with this work for additional information
regarding copyright ownership.  The ASF licenses this file
to you under the Apache License, Version 2.0 (the
"License"); you may not use this file except in compliance
with the License.  You may obtain a copy of the License at

http://www.apache.org/licenses/LICENSE-2.0

Unless required by applicable law or agreed to in writing,
software distributed under the License is distributed on an
"AS IS" BASIS, WITHOUT WARRANTIES OR CONDITIONS OF ANY
KIND, either express or implied.  See the License for the
specific language governing permissions and limitations
under the License.
-->

<services xmlns:xsi="http://www.w3.org/2001/XMLSchema-instance"
        xsi:noNamespaceSchemaLocation="http://ofbiz.apache.org/dtds/services.xsd">
    <description>Human Resources Services</description>
    <vendor>OFBiz</vendor>
    <version>1.0</version>
<service name="createDivisions" engine="simple" default-entity-name="Party" location="component://humanres/script/org/ofbiz/humanres/HumanResServices.xml" invoke="createDivisions" auth="true">
		<description>Create a Divisions</description>
		<permission-service service-name="humanResManagerPermission" main-action="CREATE" />
		 <attribute name="partyId" mode="IN" type="String" optional="false" field-name="partyId"/> 
		<attribute name="groupName" mode="IN" type="String" optional="false" field-name="groupName"/>
		<attribute name="orgPartyId" mode="IN" type="String" optional="false" field-name="orgPartyId"/>
	</service>
	
	<service name="createDepartments" engine="simple" default-entity-name="Party" location="component://humanres/script/org/ofbiz/humanres/HumanResServices.xml" invoke="createDepartments" auth="true">
		<description>Create a Department</description>
		<permission-service service-name="humanResManagerPermission" main-action="CREATE" />
		<attribute name="partyId" mode="IN" type="String" optional="false" field-name="partyId"/>
		<attribute name="groupName" mode="IN" type="String" optional="false" field-name="groupName"/>
		<attribute name="orgPartyId" mode="IN" type="String" optional="false" field-name="orgPartyId"/>
		
	</service>
	
	<!-- Section creation for HR Admin for organization -->
	<service name="createSection" engine="simple" default-entity-name="Party" location="component://humanres/script/org/ofbiz/humanres/HumanResServices.xml" invoke="createSection" auth="true">
		<description>Create a Department</description>
		<permission-service service-name="humanResManagerPermission" main-action="CREATE" />
		<attribute name="partyId" mode="IN" type="String" optional="false" field-name="partyId"/>
		<attribute name="groupName" mode="IN" type="String" optional="false" field-name="groupName"/>
		<attribute name="orgPartyId" mode="IN" type="String" optional="false" field-name="orgPartyId"/>
	
	</service>
	
	<!-- Line creation for HR Admin for organization -->
	<service name="createUnit" engine="simple" default-entity-name="Party" location="component://humanres/script/org/ofbiz/humanres/HumanResServices.xml" invoke="createUnit" auth="true">
		<description>Create a Department</description>
		<permission-service service-name="humanResManagerPermission" main-action="CREATE" />
		<attribute name="partyId" mode="IN" type="String" optional="false" field-name="partyId"/>
		<attribute name="groupName" mode="IN" type="String" optional="false" field-name="groupName"/>
		<attribute name="orgPartyId" mode="IN" type="String" optional="false" field-name="orgPartyId"/>
		
	</service>
    <service name="createOrgChart" engine="java" location="org.ofbiz.humanres.organization.OrgChart" invoke="createOrgChart" auth="true">
		<description>To make organization Chart</description>
		<attribute name="partyId" mode="IN" type="String" optional="false"/>		
		<attribute name="partyUnit" mode="IN" type="String" optional="true"/>
		<attribute name="selectionMode" mode="INOUT" type="String" optional="true"/>
		<attribute name="results" mode="OUT" type="net.sf.json.JSONArray" optional="false"/>
	</service>
	
	<!-- create Organization Head -->
	<service name="createOrganizationHead" engine="simple" default-entity-name="BusinessUnitTopAssign"
            location="component://humanres/script/org/ofbiz/humanres/HumanResServices.xml" invoke="createOrganizationHead" auth="true">
        <description>Create a New Organization Head</description>
        <auto-attributes mode="INOUT" include="pk" optional="true"/>
        <auto-attributes mode="IN" include="nonpk" optional="true"/>
        <override name="description" optional="false"/>
    </service>
    <service name="updateOrganizationHead" engine="simple" default-entity-name="BusinessUnitTopAssign"
            location="component://humanres/script/org/ofbiz/humanres/HumanResServices.xml" invoke="updateOrganizationHead" auth="true">
        <description>Update Organization Head</description>
        <permission-service service-name="humanResManagerPermission" main-action="UPDATE"/>
        <auto-attributes mode="IN" include="pk" optional="false"/>
        <auto-attributes mode="IN" include="nonpk" optional="true"/>
        <override name="description" optional="false"/>
    </service>
    
    <service name="deleteOrganizationHead" engine="simple" default-entity-name="BusinessUnitTopAssign"
            location="component://humanres/script/org/ofbiz/humanres/HumanResServices.xml" invoke="deleteOrganizationHead" auth="true">
        <description>Delete Organization Head</description>
        <permission-service service-name="humanResManagerPermission" main-action="DELETE"/>
        <auto-attributes mode="INOUT" include="pk" optional="true"/>
        <auto-attributes mode="IN" include="nonpk" optional="true"/>
    </service>
	
	
	
	
	
    <service name="findBusinessUnitItem" engine="java"
        location="org.ofbiz.humanres.graphicalChart.barChart" invoke="findBusinessUnitItem">
        <description>Get Salary Level</description>
        <attribute name="businessUnit" type="String" mode="IN" optional="false"/>
        <attribute name="businessUnitList" type="List" mode="OUT" optional="false"/>   
        <attribute name="businessUnitEmployeeCountList" type="List" mode="OUT" optional="false"/>       
    </service>
    
    </services>