<?xml version="1.0" encoding="UTF-8" ?>
<!--
Licensed to the Apache Software Foundation (ASF) under one
or more contributor license agreements.  See the NOTICE file
distributed with this work for additional information
regarding copyright ownership.  The ASF licenses this file
to you under the Apache License, Version 2.0 (the
"License"); you may not use this file except in compliance
with the License.  You may obtain a copy of the License at

http://www.apache.org/licenses/LICENSE-2.0

Unless required by applicable law or agreed to in writing,
software distributed under the License is distributed on an
"AS IS" BASIS, WITHOUT WARRANTIES OR CONDITIONS OF ANY
KIND, either express or implied.  See the License for the
specific language governing permissions and limitations
under the License.
-->

<forms xmlns:xsi="http://www.w3.org/2001/XMLSchema-instance" 
        xsi:noNamespaceSchemaLocation="http://ofbiz.apache.org/dtds/widget-form.xsd">
   
	<form name="formAttendaceInput" type="single" target="saveAttendaceInput" title=""
        header-row-style="header-row" default-table-style="basic-table">

        <actions>
        <entity-and entity-name="Person" list="person">
        <field-map field-name="partyId" value="${partyId}"/>
        </entity-and>
        	<entity-and entity-name="UserLogin"  list="userLogin">
             	 <field-map field-name="userLoginId" value="${userLoginId}"/>
             </entity-and>
        	<entity-and entity-name="PartyAndPerson"  list="partyAndPerson">
             	 <field-map field-name="partyId" value="${person[0].partyId}"/>
             </entity-and>
        </actions>
        <auto-fields-service service-name="saveAttendaceInput" default-field-type="hidden"/>
        <field name="partyId"><hidden/></field>
        <field name="employeeId"><hidden/></field>
        <field name="dateOfAttendance" tooltip="${uiLabelMap.CommonRequired}"><date-time type="date"/></field>
        <field name="firstInTime" tooltip="ex. 9:00"><text/></field>
        <field name="lastOutTime" tooltip="ex. 18:00"><text/></field>
        <field name="employeeComments"><text/></field>
        <field name="submitButton" title="Submit"><submit button-type="button"/></field>
   </form>
   
	<form name="EmployeeDataImport" type="upload"  target="impEmployeeDataFromExcel" default-title-style="tableheadtext" default-tooltip-style="tabletext" default-widget-style="inputBox">
        <field name="uploadFile" title="Upload Excel File">
            <file/>
        </field>
       
        <field name="createButton" title="${uiLabelMap.CommonUpload}">
            <submit button-type="button"/>
        </field>
   </form>
	<form name="AttendanceDataImport" type="upload"  target="ImportAttendanceDataFromExcel" default-title-style="tableheadtext" default-tooltip-style="tabletext" default-widget-style="inputBox">
        <field name="uploadFile" title="Upload Excel File">
            <file/>
        </field>
       
        <field name="createButton" title="${uiLabelMap.CommonUpload}">
            <submit button-type="button"/>
        </field>
   </form>
   
   <form name="GoalsAndKpiDataImport" type="upload"  target="ImportGoalsAndKpiDataFromExcel" default-title-style="tableheadtext" default-tooltip-style="tabletext" default-widget-style="inputBox">
        <field name="uploadFile" title="Upload Excel File">
            <file/>
        </field>
       
        <field name="createButton" title="${uiLabelMap.CommonUpload}">
            <submit button-type="button"/>
        </field>
   </form>
</forms>