<?xml version="1.0" encoding="UTF-8"?>
<!--
    Licensed to the Apache Software Foundation (ASF) under one
    or more contributor license agreements.  See the NOTICE file
    distributed with this work for additional information
    regarding copyright ownership.  The ASF licenses this file
    to you under the Apache License, Version 2.0 (the
    "License"); you may not use this file except in compliance
    with the License.  You may obtain a copy of the License at

    http://www.apache.org/licenses/LICENSE-2.0

    Unless required by applicable law or agreed to in writing,
    software distributed under the License is distributed on an
    "AS IS" BASIS, WITHOUT WARRANTIES OR CONDITIONS OF ANY
    KIND, either express or implied.  See the License for the
    specific language governing permissions and limitations
    under the License.
-->

<screens xmlns:xsi="http://www.w3.org/2001/XMLSchema-instance"
        xsi:noNamespaceSchemaLocation="http://ofbiz.apache.org/dtds/widget-screen.xsd"> 
   
    <screen name="NewApplicantQual">
        <section>
            <actions>
            	<set field="titleProperty" value="PageTitleEditPersonalInformation"/>
                <set field="tabButtonItem" value="Applicants"/>               
                <set field="labelTitleProperty" value="PageTitleEditPersonalInformation"/>                                
                <entity-one entity-name="PartyAndPerson" value-field="personInfo"/>
            	 <set field="partyId" from-field="parameters.partyId"/>
            	<set field="actionButtonItem" value="AddApplicantQuals"/>
                <set field="headerItem" value="Recruitment"/>
                <entity-one entity-name="PartyQual" value-field="partyQual"/>
            	<entity-and list="partyqualList" entity-name="PartyQual">
			 <field-map field-name="partyId" value="${parameters.partyId}"/>
			</entity-and> 
			<entity-and entity-name="UserLogin" list="userLoginList">
                    <field-map field-name="partyId" value="${partyId}"/>
             </entity-and>
                <set field="emplId" from-field="userLoginList[0].userLoginId"/>
            </actions>
            <widgets>
               <decorator-screen name="CommonRecruitmentDecorator" location="${parameters.mainDecoratorLocation}">
                    <decorator-section name="body">
                        <screenlet title="New Qualification">
                            <section>
                                <widgets>
                                	
                                    <include-form name="AddApplicantQual" location="component://humanres/widget/recruitment/RecruitmentQualForms.xml"/> 
                                </widgets>
                            </section>
                        </screenlet>
                    </decorator-section>
                </decorator-screen>
            </widgets>
        </section>
    </screen>
    
    
    <screen name="EditApplicantQuals">
        <section>
            <actions>
            	<set field="titleProperty" value="PageTitleEditPersonalInformation"/>
                <set field="tabButtonItem" value="Applicants"/>               
                <set field="labelTitleProperty" value="PageTitleEditPersonalInformation"/>
            	<set field="actionButtonItem" value="AddApplicantQuals"/>
                <set field="headerItem" value="Recruitment"/>
                <entity-one entity-name="PartyQual" value-field="partyQual"/>
            	<entity-and list="partyqualList" entity-name="PartyQual">
			 		<field-map field-name="partyId" value="${parameters.partyId}"/>
				</entity-and> 
				<entity-and entity-name="UserLogin" list="userLoginList">
                    <field-map field-name="partyId" value="${partyId}"/>
             	</entity-and>
             	<set field="partyId" from-field="parameters.partyId"/>
                
            </actions>
            <widgets>
                <decorator-screen name="CommonRecruitmentDecorator" location="${parameters.mainDecoratorLocation}">
                    <decorator-section name="body">
                        <screenlet title="${uiLabelMap.HumanResNewApplicantQual}">
                            <section>
                                <widgets>
                                	
                                    <include-form name="EditApplicantQuals" location="component://humanres/widget/recruitment/RecruitmentQualForms.xml"/>
                                </widgets>
                            </section>
                        </screenlet>
                    </decorator-section>
                </decorator-screen>
            </widgets>
        </section>
    </screen>
    
    
    
    
</screens>
