<?xml version="1.0" encoding="UTF-8"?>


<screens xmlns:xsi="http://www.w3.org/2001/XMLSchema-instance"
        xsi:noNamespaceSchemaLocation="http://ofbiz.apache.org/dtds/widget-screen.xsd">
    <screen name="FindCompanyNotes">
        <section>
            <actions>
                <set field="titleProperty" value="Find Company Notice"/>
                <set field="headerItem" value="CompanyNotice"/>
                <set field="companyNoteCtx" from-field="parameters"/>
            </actions>
            <widgets>
                <decorator-screen name="main-decorator" location="${parameters.mainDecoratorLocation}">
                    <decorator-section name="body">
                       <decorator-screen name="FindScreenDecorator" location="component://common/widget/CommonScreens.xml">
                            <decorator-section name="menu-bar">
                               <section>
                                    <widgets>
                                        <container style="button-bar">
                                            <link target="CreateCompanyNote" text="Add New Notice" style="buttontext create"/>
                                        </container>
                                    </widgets>
                                </section>
                            </decorator-section>
	                        <decorator-section name="search-options">
	                            <include-form name="FindCompanyNotes" location="component://humanres/widget/companyNote/CompanyNoteForm.xml" />
	                        </decorator-section>
	                        <decorator-section name="search-results">
	                            <include-form name="ListOrgNoteForEmp" location="component://humanres/widget/companyNote/CompanyNoteForm.xml" />
	                        </decorator-section>
                       </decorator-screen>
                    </decorator-section>
                </decorator-screen>
            </widgets>
        </section>
    </screen>
	<screen name="CompanyNoteViewAll">
        <section>
        	<widgets>
                <decorator-screen name="main-decorator" location="${parameters.mainDecoratorLocation}">
                    <decorator-section name="body">
                       <section>
                           <widgets>    
					            <screenlet title="Notice">
					                <section>
					                    <widgets>                        
					               <platform-specific>
					                     <html><html-template location="component://humanres/webapp/humanres/humanres/companyNote/CompanyNoteViewAll.ftl"/></html>
					           	</platform-specific>
					                    </widgets>                        
					                </section>
					            </screenlet>
                           </widgets>
                       </section>
                    </decorator-section>
                </decorator-screen>
            </widgets>
        </section>
    </screen>
	<screen name="CompanyNoteView">
        <section>
            <widgets>
                <screenlet title="Notice">
                    <section>
                        <widgets>                        
			                <platform-specific>
			                      <html><html-template location="component://humanres/webapp/humanres/humanres/companyNote/CompanyNoteView.ftl"/></html>
			            	</platform-specific>
                        </widgets>                        
                    </section>
                </screenlet>
            </widgets>
        </section>
    </screen>
	
	<screen name="OrgNoteForEmp">
        <section>
            <actions>
                <set field="partyId" from-field="defaultOrganizationPartyId"/>
                
            </actions>
            <widgets>
                <screenlet title="Note">
                    <section>
                      <widgets>
                      	<decorator-screen name="FindScreenDecorator" location="component://common/widget/CommonScreens.xml">
	                        <decorator-section name="search-results">
	                            <include-form name="ListOrgNoteForEmp" location="component://humanres/widget/companyNote/CompanyNoteForm.xml" />
	                        </decorator-section>
	                        <decorator-section name="search-options">
	                            <include-form name="CreateOrgNoteForEmp" location="component://humanres/widget/companyNote/CompanyNoteForm.xml" />
	                        </decorator-section>  
                        </decorator-screen>  
                     </widgets>
                        
                    </section>
                </screenlet>
            </widgets>
        </section>
    </screen>
  
    <screen name="CreateCompanyNote">
        <section>
            <actions>
                <set field="headerItem" value="CompanyNotice"/>
            </actions>
            <widgets>
                <decorator-screen name="main-decorator" location="${parameters.mainDecoratorLocation}">
                    <decorator-section name="body">
                    	<screenlet title="Add Company Notice">
	                            <include-form name="CreateOrgNoteForEmp" location="component://humanres/widget/companyNote/CompanyNoteForm.xml" />
	             		
	                    </screenlet>	             		           
	                </decorator-section>
	             </decorator-screen>
            </widgets>
        </section>
    </screen>
    
    
    <screen name="EditOrgEmpNote">
        <section>
            <actions>
                <set field="headerItem" value="CompanyNotice"/>
            </actions>            
            <widgets>
                <decorator-screen name="main-decorator" location="${parameters.mainDecoratorLocation}">
                    <decorator-section name="body">
                    	<screenlet title="Edit Company Notice">
	                    	<include-form name="EditOrgEmpNote" location="component://humanres/widget/companyNote/CompanyNoteForm.xml" />             		
	                    </screenlet>	             		           
	                </decorator-section>
	             </decorator-screen>
            </widgets>
        </section>
    </screen>
    
</screens>
