<?xml version="1.0" encoding="UTF-8"?>
<!--
Licensed to the Apache Software Foundation (ASF) under one
or more contributor license agreements.  See the NOTICE file
distributed with this work for additional information
regarding copyright ownership.  The ASF licenses this file
to you under the Apache License, Version 2.0 (the
"License"); you may not use this file except in compliance
with the License.  You may obtain a copy of the License at

http://www.apache.org/licenses/LICENSE-2.0

Unless required by applicable law or agreed to in writing,
software distributed under the License is distributed on an
"AS IS" BASIS, WITHOUT WARRANTIES OR CONDITIONS OF ANY
KIND, either express or implied.  See the License for the
specific language governing permissions and limitations
under the License.
-->

<entity-engine-xml>
    <StatusType description="Employment Application" hasTable="N" parentTypeId="" statusTypeId="EMPLOYMENT_APP_STTS"/>
    <StatusType description="Employee Position Status" hasTable="N" parentTypeId="" statusTypeId="EMPL_POSITION_STATUS"/>
    <StatusItem description="Planned For" sequenceId="01" statusCode="PLANNED_FOR" statusId="EMPL_POS_PLANNEDFOR" statusTypeId="EMPL_POSITION_STATUS"/>
    <StatusItem description="Active/Open" sequenceId="02" statusCode="ACTIVE" statusId="EMPL_POS_ACTIVE" statusTypeId="EMPL_POSITION_STATUS"/>
    <StatusItem description="Inactive/Closed" sequenceId="03" statusCode="INACTIVE" statusId="EMPL_POS_INACTIVE" statusTypeId="EMPL_POSITION_STATUS"/>

    <StatusType description="Unemployment Claim" hasTable="N" parentTypeId="" statusTypeId="UNEMPL_CLAIM_STATUS"/>

    <StatusType description="Degree status" hasTable="N" parentTypeId="" statusTypeId="HR_DEGREE_STATUS"/>
    <StatusItem description="Completed" sequenceId="01" statusCode="COMPLETE" statusId="HR_DS_COMPLETE" statusTypeId="HR_DEGREE_STATUS"/>
    <StatusItem description="Incomplete" sequenceId="02" statusCode="INCOMPLETE" statusId="HR_DS_INCOMPLETE" statusTypeId="HR_DEGREE_STATUS"/>
    <StatusItem description="Deferred" sequenceId="03" statusCode="DEFERRED" statusId="HR_DS_DEFERRED" statusTypeId="HR_DEGREE_STATUS"/>

    <StatusType description="Job status" hasTable="N" parentTypeId="" statusTypeId="HR_JOB_STATUS"/>
    <StatusItem description="Full time" sequenceId="01" statusCode="FULLTIME" statusId="HR_JS_FULLTIME" statusTypeId="HR_JOB_STATUS"/>
    <StatusItem description="Part time" sequenceId="02" statusCode="PARTTIME" statusId="HR_JS_PARTTIME" statusTypeId="HR_JOB_STATUS"/>
    <StatusItem description="Contractor" sequenceId="03" statusCode="CONTRACTOR" statusId="HR_JS_CONTRACTOR" statusTypeId="HR_JOB_STATUS"/>
	
	<StatusType description="Logistics Requsition status" hasTable="N" parentTypeId="" statusTypeId="LOG_REQUE"/>
    <StatusItem description="Requsition pending" statusId="REQ_PEND" statusTypeId="LOG_REQUE"/>
    <StatusItem description="Requsition Approved" statusId="REQ_APPR" statusTypeId="LOG_REQUE"/>
    <StatusItem description="Requsition Cancelled"  statusId="REQ_CANCEL" statusTypeId="LOG_REQUE"/>
     <StatusItem description="Assigned"  statusId="REQ_ASSIG" statusTypeId="LOG_REQUE"/>
      <StatusItem description="Expired"  statusId="REQ_EXP" statusTypeId="LOG_REQUE"/>
<!-- Professional Cert -->
	<StatusType description="Professional Qualification Status" hasTable="N" parentTypeId="" statusTypeId="Prof_Qual"/>
    <StatusItem description="Certified" statusId="Prof_Cer" statusTypeId="Prof_Qual"/>
    <StatusItem description="Not Certified" statusId="Prof_Not_Cer" statusTypeId="Prof_Qual"/>
    <StatusItem description="Incomplete"  statusId="Prof_Incom" statusTypeId="Prof_Qual"/>

  <StatusType statusTypeId="JOB_REQ_STATUS" description="Job Requisition Status"/>
    <StatusItem statusId="JOB_REQ_CREATED" statusTypeId="JOB_REQ_STATUS" description="Created" sequenceId="01"/>
    <StatusItem statusId="JOB_REQ_REJECTED" statusTypeId="JOB_REQ_STATUS" description="Rejected" sequenceId="00" />
	<StatusItem statusId="JOB_REQ_APPROVED" statusTypeId="JOB_REQ_STATUS" description="Approved" sequenceId="02" />
	
    <StatusType description="PartyQual verification status" hasTable="N" parentTypeId="" statusTypeId="PARTYQUAL_VERIFY"/>
    <StatusItem description="Not verified" sequenceId="01" statusCode="NOT_VERIFIED" statusId="PQV_NOT_VERIFIED" statusTypeId="PARTYQUAL_VERIFY"/>
    <StatusItem description="Verified" sequenceId="02" statusCode="VERIFIED" statusId="PQV_VERIFIED" statusTypeId="PARTYQUAL_VERIFY"/>

    <StatusType statusTypeId="IJP_STATUS" description="Internal Job Posting Status"/>
    <StatusItem statusId="IJP_APPROVED" statusTypeId="IJP_STATUS"  description="Approved"/>
    <StatusItem statusId="IJP_REJECTED" statusTypeId="IJP_STATUS"  description="Rejected"/>
    
    <StatusType statusTypeId="RELOCATION_STATUS" description="Relocation Status"/>
    <StatusItem statusId="STATUS_PENDING" statusTypeId="RELOCATION_STATUS" description="Pending"/>
    <StatusItem statusId="STATUS_RELOCATED" statusTypeId="RELOCATION_STATUS"  description="Relocated"/>
    
    <StatusType statusTypeId="TRAINING_STATUS" description="Training Status"/>
    <StatusItem statusId="TRAINING_APPLIED" statusTypeId="TRAINING_STATUS"  description="Applied"/>
    <StatusItem statusId="TRAINING_APPROVED" statusTypeId="TRAINING_STATUS"  description="Approved"/>
    <StatusItem statusId="TRAINING_ASSIGNED" statusTypeId="TRAINING_STATUS"  description="Assigned"/>
    <StatusItem statusId="TRAINING_PROPOSED" statusTypeId="TRAINING_STATUS"  description="Proposed"/>
    <StatusItem statusId="TRAINING_REJECTED" statusTypeId="TRAINING_STATUS"  description="Rejected"/>

    <!-- <StatusType statusTypeId="LEAVE_STATUS" description="Employee Leave Status"/>
    <StatusItem statusId="LEAVE_APPROVED" statusTypeId="LEAVE_STATUS"  description="Approved"/>
    <StatusItem statusId="LEAVE_CREATED" statusTypeId="LEAVE_STATUS"  description="Created"/>
    <StatusItem statusId="LEAVE_REJECTED" statusTypeId="LEAVE_STATUS"  description="Rejected"/> -->
    <StatusType statusTypeId="LEAVE_STATUS" description="Employee Leave Status"/>
    <StatusItem statusId="LEAVE_CREATED" statusTypeId="LEAVE_STATUS" description="Applied" sequenceId="01"/>
    <StatusItem statusId="LEAVE_REJECTED" statusTypeId="LEAVE_STATUS" description="Rejected" sequenceId="00" />
    <StatusItem statusId="LEAVE_REVIEWED" statusTypeId="LEAVE_STATUS" description="Reviewed" sequenceId="02" />
    <StatusItem statusId="LEAVE_WAIT_FOR_RECOM" statusTypeId="LEAVE_STATUS" description="Waiting for recommendation" sequenceId="03" />
    <StatusItem statusId="LEAVE_RECOMMENDED" statusTypeId="LEAVE_STATUS" description="Recommended" sequenceId="04" />
    <StatusItem statusId="LEAVE_WAIT_FOR_APPR" statusTypeId="LEAVE_STATUS" description="Waiting for approval" sequenceId="05" />
	<StatusItem statusId="LEAVE_APPROVED" statusTypeId="LEAVE_STATUS" description="Approved" sequenceId="06" />
   

    <EmplPositionType description="Programmer" hasTable="N" parentTypeId="" emplPositionTypeId="PROGRAMMER"/>
    <EmplPositionType description="System Administrator" hasTable="N" parentTypeId="" emplPositionTypeId="SYS_ADMIN"/>
    <EmplPositionType description="Business Analyst" hasTable="N" parentTypeId="" emplPositionTypeId="BIZ_ANALYST"/>

    <ResponsibilityType description="Finance Management" hasTable="N" parentTypeId="" responsibilityTypeId="FIN_MGMT"/>
    <ResponsibilityType description="Inventory Management" hasTable="N" parentTypeId="" responsibilityTypeId="INV_MGMT"/>
    <ResponsibilityType description="Purchase Management" hasTable="N" parentTypeId="" responsibilityTypeId="PUR_MGMT"/>
    <ResponsibilityType description="Resource Management" hasTable="N" parentTypeId="" responsibilityTypeId="RES_MGMT"/>
    <ResponsibilityType description="Production Management" hasTable="N" parentTypeId="" responsibilityTypeId="PROD_MGMT"/>
    <ResponsibilityType description="Sales Management" hasTable="N" parentTypeId="" responsibilityTypeId="SALES_MGMT"/>

    <BenefitType description="Health" hasTable="N" parentTypeId="" benefitTypeId="HEALTH"/>
    <BenefitType description="Vacation" hasTable="N" parentTypeId="" benefitTypeId="VACATION"/>
    <BenefitType description="Sick Leave" hasTable="N" parentTypeId="" benefitTypeId="SICK_LEAVE"/>

    <TrainingClassType trainingClassTypeId="BASIC_TRAINING" description="Basic Training"/>
    <TrainingClassType trainingClassTypeId="ONJOB_TRAINING" description="On Job Training"/>
    <TrainingClassType trainingClassTypeId="ADVAN_TRAINING" description="Advance Training"/>
    <TrainingClassType trainingClassTypeId="IMPRO_TRAINING" description="Improvement Training"/>

    <PartyQualType description="Degree" hasTable="N" parentTypeId="" partyQualTypeId="DEGREE"/>
    <PartyQualType description="Certification" hasTable="N" parentTypeId="" partyQualTypeId="CERTIFICATION"/>

    <PartyQualType partyQualTypeId="B.Tech" parentTypeId="DEGREE" description="Bachelor of Technology"/>
    <PartyQualType partyQualTypeId="MBA" parentTypeId="DEGREE" description="Masters of business administration"/>
    <PartyQualType partyQualTypeId="MSC" parentTypeId="DEGREE" description="Masters of Science"/>
    <PartyQualType partyQualTypeId="BSC" parentTypeId="DEGREE" description="Bachelor of Science"/>
        
    <EnumerationType description="Interview Rating" enumTypeId="INTR_RATNG" hasTable="N" parentTypeId=""/>
    <Enumeration description="A (above 75%)" enumCode="RATING_A" enumId="INTR_RATNG_A" sequenceId="01" enumTypeId="INTR_RATNG"/>
    <Enumeration description="B (60-75%)" enumCode="RATING_B" enumId="INTR_RATNG_B" sequenceId="02" enumTypeId="INTR_RATNG"/>
    <Enumeration description="C (45-60%)" enumCode="RATING_C" enumId="INTR_RATNG_C" sequenceId="03" enumTypeId="INTR_RATNG"/>
    <Enumeration description="D (below 40%)" enumCode="RATING_D" enumId="INTR_RATNG_D" sequenceId="04" enumTypeId="INTR_RATNG"/>

    <EmploymentAppSourceType description="NewsPaper" hasTable="N" parentTypeId="" employmentAppSourceTypeId="NEWS_PAPER"/>
    <EmploymentAppSourceType description="PersonalReferal" hasTable="N" parentTypeId="" employmentAppSourceTypeId="PER_REF"/>
    <EmploymentAppSourceType description="Internet" hasTable="N" parentTypeId="" employmentAppSourceTypeId="INTERNET"/>
    <EmploymentAppSourceType description="Advertisement" hasTable="N" parentTypeId="" employmentAppSourceTypeId="ADV"/>

    <DeductionType description="Federal Tax" parentTypeId="" deductionTypeId="FED_TAX"/>
    <DeductionType description="State Tax" parentTypeId="" deductionTypeId="STATE_TAX"/>
    <DeductionType description="Insurance" parentTypeId="" deductionTypeId="INSURANCE"/>
    <DeductionType description="Cafeteria Plan" parentTypeId="" deductionTypeId="CAFE_PLAN"/>

    <TerminationType description="Resignation" hasTable="N" parentTypeId="" terminationTypeId="RESIGN"/>
    <TerminationType description="Fired" hasTable="N" parentTypeId="" terminationTypeId="FIRE"/>
    <TerminationType description="Retirement" hasTable="N" parentTypeId="" terminationTypeId="RETIRE"/>

   <!--  <EmplLeaveType description="Inland Earned Leave" hasTable="N" parentTypeId="" leaveTypeId="INLAND_EARNED"/>
    <EmplLeaveType description="Inland Loss of Pay" hasTable="N" parentTypeId="" leaveTypeId="LOSS_OF_PAY"/>
    <EmplLeaveType description="Inland Restricted Holiday" hasTable="N" parentTypeId="" leaveTypeId="RESTRICTED_HOLIDAY"/>
    <EmplLeaveType description="Inland Special Day Off" hasTable="N" parentTypeId="" leaveTypeId="SPECIAL_DAY_OFF"/>
 -->
 
 <!-- added for Public holiday & Office holiday--> 
    
    <WorkEffortType workEffortTypeId="PUBLIC_HOLIDAY" description="Public Holiday" hasTable="N"/>
	<WorkEffortType workEffortTypeId="OFFICE_HOLIDAY" description="Office Holiday" hasTable="N"/>
	<WorkEffortType workEffortTypeId="OTHERS_HOLIDAY" description="Others Holiday" hasTable="N"/>
	<EmplLeaveType leaveTypeId="1000" description="Casual Leave" lastUpdatedStamp="2013-09-08 13:43:21.199" lastUpdatedTxStamp="2013-09-08 13:43:21.15" createdStamp="2013-09-08 13:43:21.199" createdTxStamp="2013-09-08 13:43:21.15" maxAvailableLeave="24"/>
    <EmplLeaveType leaveTypeId="1001" description="Earn Leave" lastUpdatedStamp="2013-09-08 13:46:32.213" lastUpdatedTxStamp="2013-09-08 13:46:32.169" createdStamp="2013-09-08 13:46:32.213" createdTxStamp="2013-09-08 13:46:32.169" maxAvailableLeave="17"/>
    <EmplLeaveType leaveTypeId="1002" description="Sick Leave" lastUpdatedStamp="2013-09-08 13:47:49.719" lastUpdatedTxStamp="2013-09-08 13:47:49.665" createdStamp="2013-09-08 13:47:49.719" createdTxStamp="2013-09-08 13:47:49.665" maxAvailableLeave="15"/>
    <EmplLeaveType leaveTypeId="1003" description="Leave without pay" lastUpdatedStamp="2013-09-08 13:48:04.408" lastUpdatedTxStamp="2013-09-08 13:48:04.365" createdStamp="2013-09-08 13:48:04.408" createdTxStamp="2013-09-08 13:48:04.365" maxAvailableLeave="12"/>
    <EmplLeaveType leaveTypeId="1004" description="Special Leave" lastUpdatedStamp="2013-09-08 13:48:39.484" lastUpdatedTxStamp="2013-09-08 13:48:39.445" createdStamp="2013-09-08 13:48:39.484" createdTxStamp="2013-09-08 13:48:39.445" maxAvailableLeave="10"/>
    
    
    
    <StatusType statusTypeId="EMPL_JOB_APP_STATUS" description="Employee Job Application Status"/>
    <StatusItem statusId="APPLICANT_CREATED" statusTypeId="EMPL_JOB_APP_STATUS" description="Applicant Created" sequenceId="01"/>
    <StatusItem statusId="WAIT_APPROVAL" statusTypeId="EMPL_JOB_APP_STATUS" description="Waiting for Approval" sequenceId="02" />
    <StatusItem statusId="WAIT_CONFIRMATION" statusTypeId="EMPL_JOB_APP_STATUS" description="Waiting for Confirmation" sequenceId="03" />
    <StatusItem statusId="CONFIRMATION" statusTypeId="EMPL_JOB_APP_STATUS" description="Confirmed/Recruited" sequenceId="04" />	
	<StatusItem statusId="APPLICANT_REJECT" statusTypeId="EMPL_JOB_APP_STATUS" description="Applicant Rejected" sequenceId="05" />
    
    <EnumerationType description="Job Posting Types" enumTypeId="JOB_POSTING" hasTable="N" parentTypeId=""/>
    <Enumeration description="Internal Job Posting" enumCode="POSTING_INTR" enumId="JOB_POSTING_INTR" sequenceId="01" enumTypeId="JOB_POSTING"/>
    <Enumeration description="External Job Posting" enumCode="POSTING_INTR" enumId="JOB_POSTING_EXTR" sequenceId="02" enumTypeId="JOB_POSTING"/>

    <EmplPositionType emplPositionTypeId="PROGRAMMER" hasTable="N" description="Programmer"/>
    <EmplPositionType emplPositionTypeId="SYS_ADMIN" hasTable="N" description="System Administrator"/>
    <EmplPositionType emplPositionTypeId="BIZ_ANALYST" hasTable="N" description="Business Analyst"/>
    <EmplPositionType emplPositionTypeId="_NA_"/>
	 <PartyIdentificationType partyIdentificationTypeId="Nationalid" description="National Id"/>
	 
	<LocationType description="Location" hasTable="N" parentTypeId="" locationTypeId="LOCATION"/>
    <LocationType locationTypeId="Building" parentTypeId="LOCATION" description="Building Type"/>
    <LocationType locationTypeId="Floor" parentTypeId="LOCATION" description="Floor Type"/>
    <LocationType locationTypeId="Gate" parentTypeId="LOCATION" description="Gate Type"/>
    <LocationType locationTypeId="Device" parentTypeId="LOCATION" description="Device Type"/>
    <LocationType locationTypeId="Employee" parentTypeId="LOCATION" description="Employee Type"/>
   
     <!-- OFBiz Recruitment security -->
    <SecurityGroup groupId="HUMANRES_ADMIN" description="This security group is for those who have full access to the human resource component."/>
    <SecurityGroup groupId="HUMANRES_APPROVER" description="This security group is for those who will approve the internal job posting application."/>
    <SecurityGroup groupId="HUMANRES_EMPLOYEE" description="This security group is for all the employees who want to apply for internal Job Posting."/>

    <!-- Recruitment  permission -->
    <SecurityPermission description="Approver can update the IJP approval status with this permission." permissionId="HUMANRES_APPROVE"/>
    
    <SecurityGroupPermission groupId="HUMANRES_ADMIN" permissionId="HUMANRES_ADMIN"/>
    <SecurityGroupPermission groupId="HUMANRES_APPROVER" permissionId="HUMANRES_VIEW"/>
    <SecurityGroupPermission groupId="HUMANRES_APPROVER" permissionId="HUMANRES_CREATE"/>
    <SecurityGroupPermission groupId="HUMANRES_APPROVER" permissionId="PARTYMGR_VIEW"/>
    <SecurityGroupPermission groupId="HUMANRES_APPROVER" permissionId="OFBTOOLS_VIEW"/>
    <SecurityGroupPermission groupId="HUMANRES_APPROVER" permissionId="HUMANRES_UPDATE"/>
    <SecurityGroupPermission groupId="HUMANRES_APPROVER" permissionId="HUMANRES_APPROVE"/>
    <SecurityGroupPermission groupId="HUMANRES_EMPLOYEE" permissionId="HUMANRES_VIEW"/>
    <SecurityGroupPermission groupId="HUMANRES_EMPLOYEE" permissionId="HUMANRES_CREATE"/>
    <SecurityGroupPermission groupId="HUMANRES_EMPLOYEE" permissionId="PARTYMGR_VIEW"/>
    <SecurityGroupPermission groupId="HUMANRES_EMPLOYEE" permissionId="OFBTOOLS_VIEW"/>
     <SecurityGroupPermission groupId="HUMANRES_ADMIN" permissionId="DASHBOARD_VIEW"/>  
     <SecurityGroupPermission groupId="HUMANRES_ADMIN" permissionId="PARTYMGR_ADMIN"/>  
     <SecurityGroupPermission groupId="HUMANRES_ADMIN" permissionId="IMAGE_MANAGEMENT_ADMIN"/>
    <SecurityGroupPermission groupId="HUMANRES_ADMIN" permissionId="IMAGE_MANAGEMENT_APPROVE"/>
    <SecurityGroupPermission groupId="HUMANRES_ADMIN" permissionId="IMAGE_MANAGEMENT_UPLOAD"/>
    <SecurityGroupPermission groupId="HUMANRES_ADMIN" permissionId="CONTENT_ADMIN"/>
    <SecurityGroupPermission groupId="HUMANRES_ADMIN" permissionId="CONTENTMGR_ADMIN"/>
     <SecurityGroupPermission groupId="HUMANRES_ADMIN" permissionId="ASSETMAINT_CREATE"/>
     <SecurityGroupPermission groupId="HUMANRES_ADMIN" permissionId="WORKEFFORTMGR_DELETE"/>
  
  
  	<SecurityGroup groupId="HUMANRES_EXEC" description="This security group is for those who have full access to the human resource component."/>
    <SecurityGroupPermission groupId="HUMANRES_EXEC" permissionId="HUMANRES_VIEW"/>
    <SecurityGroupPermission groupId="HUMANRES_EXEC" permissionId="HUMANRES_USERS"/>
    <SecurityGroupPermission groupId="HUMANRES_EXEC" permissionId="OFBTOOLS_VIEW"/>
    <SecurityGroupPermission groupId="HUMANRES_EXEC" permissionId="PARTYMGR_VIEW"/>
    <SecurityGroupPermission groupId="HUMANRES_EXEC" permissionId="HUMANRES_UPDATE"/>
    <SecurityGroupPermission groupId="HUMANRES_EXEC" permissionId="HUMANRES_CREATE"/>
    <SecurityGroupPermission groupId="HUMANRES_EXEC" permissionId="HUMANRES_EXEC"/>
    <SecurityGroupPermission groupId="HUMANRES_EXEC" permissionId="HUMANRES_APPROVE"/>
    <SecurityGroupPermission groupId="HUMANRES_EXEC" permissionId="ACCOUNTING_CREATE"/>
   <SecurityGroupPermission groupId="HUMANRES_EXEC" permissionId="CONTENTMGR_CREATE"/>
    <SecurityGroupPermission groupId="HUMANRES_EXEC" permissionId="CONTENTMGR_DELETE"/> 
    <SecurityGroupPermission groupId="HUMANRES_EXEC" permissionId="ACCOUNTING_UPDATE"/>

    
    <JobInterviewType jobInterviewTypeId="JOB_INTERVW" description="It is a process in which an employee is evaluated by an employer for prospective employment in their company"/>
    <JobInterviewType jobInterviewTypeId="EXIT_INTERVW" description="It is conducted by an employer of a departing employee"/>
    <JobInterviewType jobInterviewTypeId="INFORMAL_INTERVW" description="It is a meeting in which a job seeker asks for advice rather than employment"/>
    <JobInterviewType jobInterviewTypeId="CASE_INTERVW" description="It is an interview in which the applicant is given a question/situation and asked to resolve it"/>
    
    <EnumerationType description="Exam Type" enumTypeId="EXAM_TYPE" hasTable="N" parentTypeId=""/>
    <Enumeration description="Written Aptitude Exam" enumCode="WRITTEN_APT" enumId="EXAM_WRITTEN_APT" sequenceId="01" enumTypeId="EXAM_TYPE"/>
    <Enumeration description="Technical Exam" enumCode="TECHNICAL" enumId="EXAM_TECHNICAL" sequenceId="02" enumTypeId="EXAM_TYPE"/>
    <Enumeration description="Group Discussion" enumCode="GROUP_DISCN" enumId="EXAM_GROUP_DISCN" sequenceId="03" enumTypeId="EXAM_TYPE"/>
    
    <EmplLeaveReasonType emplLeaveReasonTypeId="MEDICAL" description="Medical" hasTable="N"/>
    <EmplLeaveReasonType emplLeaveReasonTypeId="CASUAL" description="Casual" hasTable="N"/>

    <PerfReviewItemType perfReviewItemTypeId="TECH" hasTable="N" description="Technical skills"/>
    <PerfReviewItemType perfReviewItemTypeId="RESP" hasTable="N" description="Responsibility"/>
    <PerfReviewItemType perfReviewItemTypeId="ATT" hasTable="N" description="Attitude"/>
    <PerfReviewItemType perfReviewItemTypeId="COMM" hasTable="N" description="Communication skills"/>
    <PerfReviewItemType perfReviewItemTypeId="JOBSAT" hasTable="N" description="Job Satisfaction"/>
    
    <PerfRatingType perfRatingTypeId="1" hasTable="N" description="Fails to Meet Expectations"/>
    <PerfRatingType perfRatingTypeId="2" hasTable="N" description="Inconsistently Fulfills"/>
    <PerfRatingType perfRatingTypeId="3" hasTable="N" description="Fulfilled Expectations"/>
    <PerfRatingType perfRatingTypeId="4" hasTable="N" description="Frequently Exceeds"/>
    <PerfRatingType perfRatingTypeId="5" hasTable="N" description="Consistently Exceeds"/>
    
    <!-- Public Holiday -->
    <WorkEffortType workEffortTypeId="PUBLIC_HOLIDAY" description="Public Holiday" hasTable="N"/> 
	<EmailTemplateSetting emailTemplateSettingId="GEN_EMAIL_TEMPLATE" bodyScreenLocation="component://humanres/widget/contessa/ContessaEmailScreens.xml#GeneralLeaveEmailTemplate" subject="Contessa Email Notification"/>
</entity-engine-xml>
