<?xml version="1.0" encoding="UTF-8"?>
<!--
Licensed to the Apache Software Foundation (ASF) under one
or more contributor license agreements.  See the NOTICE file
distributed with this work for additional information
regarding copyright ownership.  The ASF licenses this file
to you under the Apache License, Version 2.0 (the
"License"); you may not use this file except in compliance
with the License.  You may obtain a copy of the License at

http://www.apache.org/licenses/LICENSE-2.0

Unless required by applicable law or agreed to in writing,
software distributed under the License is distributed on an
"AS IS" BASIS, WITHOUT WARRANTIES OR CONDITIONS OF ANY
KIND, either express or implied.  See the License for the
specific language governing permissions and limitations
under the License.
-->
<entity-engine-xml>
    <DataResource dataResourceId="HELP_HR" localeString="en" dataResourceTypeId="OFBIZ_FILE" 
        objectInfo="applications/humanres/data/helpdata/HELP_HR.xml" dataTemplateTypeId="NONE" statusId="CTNT_IN_PROGRESS"
        dataResourceName="Human Resources Overview" mimeTypeId="text/xml" isPublic="Y" />
    <Content contentId="HELP_HR" contentTypeId="DOCUMENT" contentName="Human Resources" templateDataResourceId="HELP_TEMPL" 
        dataResourceId="HELP_HR" statusId="CTNT_IN_PROGRESS" mimeTypeId="text/html"/>
    <ContentAssoc contentId="HELP_ROOT" contentIdTo="HELP_HR" contentAssocTypeId="TREE_CHILD" fromDate="2009-10-18 01:01:01" sequenceNum="000"/>

    <DataResource dataResourceId="HR_main" localeString="en" dataResourceTypeId="OFBIZ_FILE" 
        objectInfo="applications/humanres/data/helpdata/HELP_HR_main.xml" dataTemplateTypeId="NONE" statusId="CTNT_IN_PROGRESS" dataResourceName="Human Resources Main Help" mimeTypeId="text/xml" isPublic="Y" />
    <Content contentId="HR_main" contentTypeId="DOCUMENT" contentName="Human Resources Main." templateDataResourceId="HELP_TEMPL" dataResourceId="HR_main" statusId="CTNT_IN_PROGRESS" mimeTypeId="text/html"/>
    <ContentAssoc contentId="HELP_HR" contentIdTo="HR_main" contentAssocTypeId="TREE_CHILD" fromDate="2009-10-18 01:01:01" sequenceNum="000" mapKey="HUMANRES_main"/>
    
    <!-- training -->    
    <DataResource dataResourceId="HR_training" localeString="en" dataResourceTypeId="OFBIZ_FILE" 
      objectInfo="applications/humanres/data/helpdata/HELP_HR_training.xml" dataTemplateTypeId="NONE" statusId="CTNT_IN_PROGRESS" dataResourceName="Human Resources Training Help" mimeTypeId="text/xml" isPublic="Y" />
  <Content contentId="HR_training" contentTypeId="DOCUMENT" contentName="Training." templateDataResourceId="HELP_TEMPL" dataResourceId="HR_training" statusId="CTNT_IN_PROGRESS" mimeTypeId="text/html"/>
  <ContentAssoc contentId="HELP_HR" contentIdTo="HR_training" contentAssocTypeId="TREE_CHILD" fromDate="2009-10-18 01:01:01" sequenceNum="000" mapKey="HUMANRES_training"/>
    
</entity-engine-xml>
