<?xml version="1.0" encoding="UTF-8"?><!--

 * This is a template please donot use it without changing data according to your company
 *
-->

<!--
Licensed to the Apache Software Foundation (ASF) under one
or more contributor license agreements.  See the NOTICE file
distributed with this work for additional information
regarding copyright ownership.  The ASF licenses this file
to you under the Apache License, Version 2.0 (the
"License"); you may not use this file except in compliance
with the License.  You may obtain a copy of the License at

http://www.apache.org/licenses/LICENSE-2.0

Unless required by applicable law or agreed to in writing,
software distributed under the License is distributed on an
"AS IS" BASIS, WITHOUT WARRANTIES OR CONDITIONS OF ANY
KIND, either express or implied.  See the License for the
specific language governing permissions and limitations
under the License.
-->

<!-- This file has been modified by Contessa Solution Limited -->

<!-- This XML file defines some initial users.  Follow the examples in the applications to define additional users, such as sales teams,
sales managers, CSR's, warehouse, and financials users. -->

<!-- VERY VERY IMPORTANT SECURITY NOTE: MAKE SURE YOU EDIT
        applications/securityext/ofbiz-component.xml

        AND COMMENT OUT THE FILE
        PasswordSecurityData.xml -->

<entity-engine-xml>
    <!-- important --><!-- Party for System UserLogin Account - just in case logic depends on it -->
    <Party partyId="system" partyTypeId="PERSON" statusId="EMPL_POS_ACTIVE"/>
    <Person partyId="system" firstName="System" lastName="Account"/>
    <!-- various automated processes will cause it to be put in this role anyway -->
    <PartyRole partyId="system" roleTypeId="PACKER"/>
    <!-- <UserLogin userLoginId="system" currentPassword="47ca69ebb4bdc9ae0adec130880165d2cc05db1a" passwordHint="Do Not Enable This Account"/> -->
    <UserLogin userLoginId="system" partyId="system" currentPassword="47ca69ebb4bdc9ae0adec130880165d2cc05db1a" passwordHint="Do Not Enable This Account"/>

    <!-- The all purpose admin user -->
    <Party partyId="admin" partyTypeId="PERSON" statusId="EMPL_POS_ACTIVE"/>
    <Person firstName="THE" lastName="ADMINISTRATOR" partyId="admin" personalTitle="Mr."/>
    <PartyRole partyId="admin" roleTypeId="BUYER"/>
    <PartyRole partyId="admin" roleTypeId="MANAGER"/>
    <PartyRole partyId="admin" roleTypeId="ORDER_CLERK"/>
    <PartyRole partyId="admin" roleTypeId="SHIPMENT_CLERK"/>
    <PartyRole partyId="admin" roleTypeId="SALES_REP"/>
    <PartyRole partyId="admin" roleTypeId="_NA_"/>
    <PartyRole partyId="admin" roleTypeId="ACCOUNT"/>
    <ContactMech contactMechId="admin" contactMechTypeId="EMAIL_ADDRESS" infoString="admin@contessabd.com"/>
    <PartyContactMech partyId="admin" contactMechId="admin" fromDate="2015-01-01 00:00:00.0"/>
    <PartyContactMechPurpose partyId="admin" contactMechId="admin" contactMechPurposeTypeId="PRIMARY_EMAIL" fromDate="2015-01-01 00:00:00"/>
  	<!-- <UserLogin userLoginId="admin" partyId="admin" currentPassword="{SHA}81ac57a7ede62638d4647dbe00727796006e35ad" passwordHint="cscl"/> --> 
   
    <!-- make admin an employee of Company -->
    <PartyRole partyId="admin" roleTypeId="CONTACT"/>
    <PartyRole partyId="CSL" roleTypeId="ACCOUNT"/>
    <UserLoginSecurityGroup groupId="HUMANRES_APPROVER" userLoginId="admin" fromDate="2015-01-01 12:00:00.0"/>
    <UserLoginSecurityGroup groupId="HUMANRES_ADMIN" userLoginId="admin" fromDate="2015-01-01 12:00:00.0"/>
    <UserLoginSecurityGroup groupId="PARTYADMIN" userLoginId="admin" fromDate="2015-01-01 12:00:00.0"/>
    <UserLoginSecurityGroup groupId="FULLADMIN" userLoginId="admin" fromDate="2015-01-01 12:00:00.0"/>
  
    <UserLoginSecurityGroup groupId="CONTENT_USER" userLoginId="admin" fromDate="2015-01-01 12:00:00.0"/>
    <PartyRelationship partyIdFrom="CSL" roleTypeIdFrom="ACCOUNT" partyIdTo="admin" roleTypeIdTo="CONTACT" fromDate="2015-01-01 00:00:00.000" partyRelationshipTypeId="EMPLOYMENT"/>
    
    <UserPreference userLoginId="admin" userPrefTypeId="ORGANIZATION_PARTY" userPrefGroupTypeId="GLOBAL_PREFERENCES" userPrefValue="CSL"/>

    <PartyRole partyId="admin" roleTypeId="EMPLOYEE"/>
    <PartyRelationship partyIdFrom="CSL" partyIdTo="admin" partyRelationshipTypeId="EMPLOYMENT" roleTypeIdFrom="INTERNAL_ORGANIZATIO" roleTypeIdTo="EMPLOYEE" fromDate="2015-01-01 12:00:00.0"/>
    <Employment roleTypeIdFrom="INTERNAL_ORGANIZATIO" roleTypeIdTo="EMPLOYEE" partyIdFrom="CSL" partyIdTo="admin" fromDate="2015-09-09 00:00:00.0"/>

    <PartyRole partyId="CSL" roleTypeId="ACCOUNT"/>
    <PartyRelationship partyIdFrom="CSL" roleTypeIdFrom="ACCOUNT" partyIdTo="admin" roleTypeIdTo="CONTACT" fromDate="2015-01-01 00:00:00.000" partyRelationshipTypeId="EMPLOYMENT"/>
    <UserPreference userLoginId="admin" userPrefTypeId="ORGANIZATION_PARTY" userPrefGroupTypeId="GLOBAL_PREFERENCES" userPrefValue="CSL"/>


    <EmplPosition emplPositionId="10000" statusId="EMPL_POS_ACTIVE" partyId="CSL" emplPositionTypeId="10000" estimatedFromDate="2015-09-10 00:00:00.0" salaryFlag="Y" exemptFlag="Y" fulltimeFlag="Y" temporaryFlag="Y" actualFromDate="2015-09-10 00:00:00.0" lastUpdatedStamp="2015-09-11 15:10:01.998" lastUpdatedTxStamp="2015-09-11 15:10:01.969" createdStamp="2015-09-11 12:59:55.06" createdTxStamp="2015-09-11 12:59:55.006"/>
    <EmplPositionFulfillment emplPositionId="10000" partyId="admin" fromDate="2015-09-10 00:00:00.0" lastUpdatedStamp="2015-09-11 13:04:22.889" lastUpdatedTxStamp="2015-09-11 13:04:22.888" createdStamp="2015-09-11 13:04:22.889" createdTxStamp="2015-09-11 13:04:22.888"/>
	<!-- Added for Product requirement issue  -->
	<PartyRole createdStamp="2015-05-06 19:21:24.0" createdTxStamp="2015-05-06 19:21:24.0" lastUpdatedStamp="2015-05-06 19:21:24.0" lastUpdatedTxStamp="2015-05-06 19:21:24.0" partyId="admin" roleTypeId="ORIGINATOR"/>

  
   
    
</entity-engine-xml>