<?xml version="1.0" encoding="UTF-8"?>
<!--
Licensed to the Apache Software Foundation (ASF) under one
or more contributor license agreements.  See the NOTICE file
distributed with this work for additional information
regarding copyright ownership.  The ASF licenses this file
to you under the Apache License, Version 2.0 (the
"License"); you may not use this file except in compliance
with the License.  You may obtain a copy of the License at

http://www.apache.org/licenses/LICENSE-2.0

Unless required by applicable law or agreed to in writing,
software distributed under the License is distributed on an
"AS IS" BASIS, WITHOUT WARRANTIES OR CONDITIONS OF ANY
KIND, either express or implied.  See the License for the
specific language governing permissions and limitations
under the License.
-->

<entity-engine-xml>
    <SecurityPermission description="All operations in the HumanRes Manager." permissionId="HUMANRES_ADMIN"/>
    <SecurityPermission description="View operations in the HumanRes Manager." permissionId="HUMANRES_VIEW"/>
    <SecurityPermission description="Create operations in the HumanRes Manager." permissionId="HUMANRES_CREATE"/>
    <SecurityPermission description="Update operations in the HumanRes Manager." permissionId="HUMANRES_UPDATE"/>
    <SecurityPermission description="Delete operations in the HumanRes Manager." permissionId="HUMANRES_DELETE"/>
    <SecurityPermission description="View operations in the HumanRes Profile" permissionId="HUMANRES_EXEC"/>
    <SecurityGroupPermission groupId="FULLADMIN" permissionId="HUMANRES_ADMIN"/>
    <SecurityGroupPermission groupId="FLEXADMIN" permissionId="HUMANRES_CREATE"/>
    <SecurityGroupPermission groupId="FLEXADMIN" permissionId="HUMANRES_DELETE"/>
    <SecurityGroupPermission groupId="FLEXADMIN" permissionId="HUMANRES_UPDATE"/>
    <SecurityGroupPermission groupId="FLEXADMIN" permissionId="HUMANRES_VIEW"/>
    <SecurityGroupPermission groupId="VIEWADMIN" permissionId="HUMANRES_VIEW"/>
    <SecurityGroupPermission groupId="BIZADMIN" permissionId="HUMANRES_ADMIN"/>
</entity-engine-xml>
