<?xml version="1.0" encoding="UTF-8"?>
<!--
Licensed to the Apache Software Foundation (ASF) under one
or more contributor license agreements.  See the NOTICE file
distributed with this work for additional information
regarding copyright ownership.  The ASF licenses this file
to you under the Apache License, Version 2.0 (the
"License"); you may not use this file except in compliance
with the License.  You may obtain a copy of the License at

http://www.apache.org/licenses/LICENSE-2.0

Unless required by applicable law or agreed to in writing,
software distributed under the License is distributed on an
"AS IS" BASIS, WITHOUT WARRANTIES OR CONDITIONS OF ANY
KIND, either express or implied.  See the License for the
specific language governing permissions and limitations
under the License.
-->

<services xmlns:xsi="http://www.w3.org/2001/XMLSchema-instance"
        xsi:noNamespaceSchemaLocation="http://ofbiz.apache.org/dtds/services.xsd">
    <description>Human Resources Services</description>
    <vendor>OFBiz</vendor>
    <version>1.0</version>
    

    <service name="updatePerfReviewType" engine="simple" default-entity-name="PerfReviewType"
             location="component://humanres/script/org/ofbiz/humanres/PerfApprServices.xml" invoke="updatePerfReviewType" auth="true">
        <description>Update Valid Performance Review</description>
        <permission-service service-name="humanResManagerPermission" main-action="UPDATE"/>
        <auto-attributes mode="IN" include="pk" optional="false"/>
        <auto-attributes mode="IN" include="nonpk" optional="true"/>
        <override name="description" optional="false"/>
    </service>
    <service name="deletePerfReviewType" engine="simple" default-entity-name="PerfReviewType"
             location="component://humanres/script/org/ofbiz/humanres/PerfApprServices.xml" invoke="deletePerfReviewType" auth="true">
        <description>Delete Performance Review</description>
        <permission-service service-name="humanResManagerPermission" main-action="DELETE"/>
        <auto-attributes mode="IN" include="pk" optional="false"/>
    </service>

   <!--  PerfRatingType -->

    <service name="updatePerfRatingType" engine="simple" default-entity-name="PerfApRatingType"
             location="component://humanres/script/org/ofbiz/humanres/PerfApprServices.xml" invoke="updatePerfRatingType" auth="true">
        <description>Update Valid Performance Rating</description>
        <permission-service service-name="humanResManagerPermission" main-action="UPDATE"/>
        <auto-attributes mode="IN" include="pk" optional="false"/>
        <auto-attributes mode="IN" include="nonpk" optional="true"/>
        <override name="description" optional="false"/>
    </service>
    <service name="deletePerfRatingType" engine="simple" default-entity-name="PerfApRatingType"
             location="component://humanres/script/org/ofbiz/humanres/PerfApprServices.xml" invoke="deletePerfRatingType" auth="true">
        <description>Delete Performance Rating</description>
        <permission-service service-name="humanResManagerPermission" main-action="DELETE"/>
        <auto-attributes mode="IN" include="pk" optional="false"/>
    </service>
    
     <!--  PerfAppr KPI Type -->
    <service name="updatePerfKpiType" engine="simple" default-entity-name="PerfApprKpi"
             location="component://humanres/script/org/ofbiz/humanres/PerfApprServices.xml" invoke="updatePerfKpiType" auth="true">
        <description>Update Valid Performance Kpi</description>
        <permission-service service-name="humanResManagerPermission" main-action="UPDATE"/>
        <auto-attributes mode="IN" include="pk" optional="false"/>
        <auto-attributes mode="IN" include="nonpk" optional="true"/>
        <override name="description" optional="false"/>
    </service>
    <service name="deletePerfKpiType" engine="simple" default-entity-name="PerfApprKpi"
             location="component://humanres/script/org/ofbiz/humanres/PerfApprServices.xml" invoke="deletePerfKpiType" auth="true">
        <description>Delete Performance KPI</description>
        <permission-service service-name="humanResManagerPermission" main-action="DELETE"/>
        <auto-attributes mode="IN" include="pk" optional="false"/>
    </service>
    
     <!--  PerfAppr DevReq Type -->
      <service name="updatePerfDevReqType" engine="simple" default-entity-name="PerfApprDevReq"
             location="component://humanres/script/org/ofbiz/humanres/PerfApprServices.xml" invoke="updatePerfDevReqType" auth="true">
        <description>Update Valid Performance DevReq</description>
        <permission-service service-name="humanResManagerPermission" main-action="UPDATE"/>
        <auto-attributes mode="IN" include="pk" optional="false"/>
        <auto-attributes mode="IN" include="nonpk" optional="true"/>
        <override name="description" optional="false"/>
    </service>
    <service name="deletePerfDevReqType" engine="simple" default-entity-name="PerfApprDevReq"
             location="component://humanres/script/org/ofbiz/humanres/PerfApprServices.xml" invoke="deletePerfDevReqType" auth="true">
        <description>Delete Performance DevReq</description>
        <permission-service service-name="humanResManagerPermission" main-action="DELETE"/>
        <auto-attributes mode="IN" include="pk" optional="false"/>
    </service>
    
     <!--  PerfAppr Type -->
      <service name="updatePerfType" engine="simple" default-entity-name="PerfApprType"
             location="component://humanres/script/org/ofbiz/humanres/PerfApprServices.xml" invoke="updatePerfType" auth="true">
        <description>Update Valid Performance Type</description>
        <permission-service service-name="humanResManagerPermission" main-action="UPDATE"/>
        <auto-attributes mode="IN" include="pk" optional="false"/>
        <auto-attributes mode="IN" include="nonpk" optional="true"/>
        <override name="description" optional="false"/>
    </service>
    <service name="deletePerfType" engine="simple" default-entity-name="PerfApprType"
             location="component://humanres/script/org/ofbiz/humanres/PerfApprServices.xml" invoke="deletePerfType" auth="true">
        <description>Delete Performance Type</description>
        <permission-service service-name="humanResManagerPermission" main-action="DELETE"/>
        <auto-attributes mode="IN" include="pk" optional="false"/>
    </service>
    
    <!--  PerfAppr Objective Type -->
      <service name="updatePerfObjectiveType" engine="simple" default-entity-name="ObjectiveType"
             location="component://humanres/script/org/ofbiz/humanres/PerfApprServices.xml" invoke="updatePerfObjectiveType" auth="true">
        <description>Update Valid Performance Objective Type</description>
        <permission-service service-name="humanResManagerPermission" main-action="UPDATE"/>
        <auto-attributes mode="IN" include="pk" optional="false"/>
        <auto-attributes mode="IN" include="nonpk" optional="true"/>
        <override name="description" optional="false"/>
    </service>
    <service name="deletePerfObjectiveType" engine="simple" default-entity-name="ObjectiveType"
             location="component://humanres/script/org/ofbiz/humanres/PerfApprServices.xml" invoke="deletePerfObjectiveType" auth="true">
        <description>Delete Performance Objective Type</description>
        <permission-service service-name="humanResManagerPermission" main-action="DELETE"/>
        <auto-attributes mode="IN" include="pk" optional="false"/>
    </service>
    
    <!--  PerfAppr BusinessKpi Type -->
    <service name="deletePerfApprBusinessKpi" engine="simple" default-entity-name="PerfApprBusinessKpi"
             location="component://humanres/script/org/ofbiz/humanres/PerfApprServices.xml" invoke="deletePerfApprBusinessKpi" auth="true">
        <description>Delete Performance Appraisal Business Kpi</description>
        <permission-service service-name="humanResManagerPermission" main-action="DELETE"/>
        <auto-attributes mode="IN" include="pk" optional="false"/>
        <attribute name="processId" mode="OUT" type="String"></attribute>
    </service>
    <!--  PerfAppr BehaviorKpi Type -->
    <service name="deletePerfApprBehaviorKpi" engine="simple" default-entity-name="PerfApprBehaviourKpi"
             location="component://humanres/script/org/ofbiz/humanres/PerfApprServices.xml" invoke="deletePerfApprBehaviorKpi" auth="true">
        <description>Delete Performance Appraisal Behavioral Kpi</description>
        <permission-service service-name="humanResManagerPermission" main-action="DELETE"/>
        <auto-attributes mode="IN" include="pk" optional="false"/>
        <attribute name="processId" mode="OUT" type="String"></attribute>
    </service>
    <!--  PerfAppr DevelopmentPlan Type -->
    <service name="deletePerfApprDevelopmentPlan" engine="simple" default-entity-name="PerfApprDevelopmentPlan"
             location="component://humanres/script/org/ofbiz/humanres/PerfApprServices.xml" invoke="deletePerfApprDevelopmentPlan" auth="true">
        <description>Delete Performance Appraisal DevelopmentPlan</description>
        <permission-service service-name="humanResManagerPermission" main-action="DELETE"/>
        <auto-attributes mode="IN" include="pk" optional="false"/>
        <attribute name="processId" mode="OUT" type="String"></attribute>
    </service>
    
    <!--  Performance Appraisal Approver Assign -->
      <service name="updatePerfApprApproverAssign" engine="simple" default-entity-name="PartyPerfApprWorkflow"
             location="component://humanres/script/org/ofbiz/humanres/PerfApprServices.xml" invoke="updatePerfApprApproverAssign" auth="true">
        <description>Update Performance Appraisal Approver Assign</description>
        <permission-service service-name="humanResManagerPermission" main-action="UPDATE"/>
        <auto-attributes mode="IN" include="pk" optional="false"/>
        <auto-attributes mode="IN" include="nonpk" optional="true"/>
        <override name="description" optional="false"/>
    </service>
    <service name="deletePerfApprApproverAssign" engine="simple" default-entity-name="PartyPerfApprWorkflow"
             location="component://humanres/script/org/ofbiz/humanres/PerfApprServices.xml" invoke="deletePerfApprApproverAssign" auth="true">
        <description>Delete Performance Appraisal Approver Assign</description>
        <permission-service service-name="humanResManagerPermission" main-action="DELETE"/>
        <auto-attributes mode="IN" include="pk" optional="false"/>
    </service>
</services>