<?xml version="1.0" encoding="UTF-8"?>

<screens xmlns:xsi="http://www.w3.org/2001/XMLSchema-instance"
        xsi:noNamespaceSchemaLocation="http://ofbiz.apache.org/dtds/widget-screen.xsd">

    <screen name="InitiatePerformanceAppriasal">
		<section>
			<actions>
               <set field="headerItem" value="PerfAppraisal"/>
               <set field="tabButtonItem" value="PerfApprProcessView"/>
               <set field="titleProperty" value="Preformance Appraisal"/>
           </actions>
           <widgets>               
                <decorator-screen name="main-decorator" location="${parameters.mainDecoratorLocation}">
                    <decorator-section name="body">
                     <include-menu name="PerformanceAppraisalMenus" location="component://humanres/widget/perfappr/PerformanceAppraisalMenus.xml"/>
	                    <section>
                             <widgets>
                                 <container style="button-bar">
									<label style="h1" text="${titleProperty}"></label>
                                     <include-form name="InitiatePerformanceAppriasal" location="component://humanres/widget/perfappr/PerfApprForms.xml"/>
                                 </container>
                             </widgets>
                         </section>
                    </decorator-section>
                </decorator-screen>
            </widgets>  
        </section>         		
	</screen>
    <screen name="ConfigurePerfAppraisal">
		<section>
			<actions>
				<set field="titleProperty" value="PageTitleFindJobRequisition" />
				<set field="headerItem" value="PerfAppraisal"/>
				<set field="tabButtonItem" value="PerfApprProcessView"/>
                <set field="titleProperty" value="Performance Type Settings"/>
                <set field="employmentCtx" from-field="parameters"/>
				<set field="processId" from-field="parameters.processId" />
				<set field="isActive" from-field="parameters.isActive" />
				<set field="parameters.partyId" value="${parameters.partyId}"  default-value="${userLogin.partyId}" /> 
				<entity-and entity-name="UserLogin" list="userLoginList">
                    <field-map field-name="partyId"  from-field="parameters.partyId"/>
             	</entity-and>
             	<entity-one entity-name="PerfApprProcess" value-field="perfApprProcess">
                    <field-map field-name="processId"  from-field="parameters.processId"/>
             	</entity-one>
            </actions>
			<widgets>
				<decorator-screen name="main-decorator" location="${parameters.mainDecoratorLocation}">
					<decorator-section name="body">
					 <include-menu name="PerformanceAppraisalMenus" location="component://humanres/widget/perfappr/PerformanceAppraisalMenus.xml"/>
						<section>
							<widgets>
								<container >
									<section>
                   						<widgets>
                   							<include-screen name="PerfApprHead"/> 
											<include-screen name="PerfApprBusinessKPI"/>
											<include-screen name="PerfApprBehaviourKPI"/> 
											<include-screen name="PerfApprDevelopmentPlan"/> 
											<include-screen name="SubmitScreen"/>
                   						</widgets>
               						</section> 
								</container> 
							</widgets>
						</section>
					</decorator-section>
				</decorator-screen>
			</widgets>
		</section>
	</screen>
	<screen name="PerfApprHead">
		<section>
			<actions>
               <set field="headerItem" value="PerfAppraisal"/>
                <set field="employmentCtx" from-field="parameters"/>
				<set field="partyId" from-field="parameters.partyId"/>
               <set field="titleProperty" value="Preformance Appraisal"/>
           </actions>
           <widgets>
                   <section>
                       <widgets>
                      		 <container>
									<label style="h1" text="${titleProperty}"></label>
                           		<include-form name="PerfApprHead" location="component://humanres/widget/perfappr/PerfApprForms.xml"/> 
                              </container>
                       </widgets>
                   </section>
           </widgets>
		</section>
	</screen>
   <screen name="PerfApprBusinessKPI">
		<section>
			<actions>
               <set field="headerItem" value="PerfAppraisal"/>
           </actions>
           <widgets>
               <screenlet title="Objective/Goal (Business KPI) Settings"  navigation-menu-name="PerfApprBusinessKPIAdd">
                   <container id="addPerfApprBusinessKPIPopUp"></container>
					<include-menu  name="PerfApprBusinessKPIAdd" location="component://humanres/widget/perfappr/PerformanceAppraisalMenus.xml"/>
					<section>
                       <widgets>
                          <include-form name="ListPerfApprBusinessKPI" location="component://humanres/widget/perfappr/PerfApprForms.xml"/> 
                       </widgets>
                   </section>
               </screenlet>
           </widgets>
		</section>
	</screen>
	<screen name="PerfApprBehaviourKPI">
		<section>
			<actions>
               <set field="headerItem" value="PerfAppraisal"/>
               <!-- <entity-one entity-name="" value-field=""/> -->
           </actions>
           <widgets>
               <screenlet title="Behavioral KPI Setting" navigation-menu-name="PerfApprBehavioralKPIAdd">
                   <container id="addPerfApprBehavioralKPIAddPopUp"></container>
					<include-menu  name="PerfApprBehavioralKPIAdd" location="component://humanres/widget/perfappr/PerformanceAppraisalMenus.xml"/>
					<section>
                       <widgets>
                           <include-form name="ListPerfApprBehaviourKpi" location="component://humanres/widget/perfappr/PerfApprForms.xml"/>                          
                       </widgets>
                   </section>
               </screenlet>
           </widgets>
		</section>
	</screen>
	
	<screen name="PerfApprDevelopmentPlan">
		<section>
			<actions>
               <set field="headerItem" value="PerfAppraisal"/>
               <!-- <entity-one entity-name="" value-field=""/> -->
           </actions>
           <widgets>
               <screenlet title="Development plan" navigation-menu-name="PerfApprDevelopmentPlanAdd">
                   <container id="addPerfApprDevelopmentPlanPopUp"></container>
					<include-menu  name="PerfApprDevelopmentPlanAdd" location="component://humanres/widget/perfappr/PerformanceAppraisalMenus.xml"/>
					<section>
                       <widgets>
                           <include-form name="ListPerfApprDevelopmentPlan" location="component://humanres/widget/perfappr/PerfApprForms.xml"/>                           
                       </widgets>
                   </section>
               </screenlet>
           </widgets>
		</section>
	</screen>
	
	<screen name="SubmitScreen">
		<section>
			<actions>
               <set field="headerItem" value="PerfAppraisal"/>
				<set field="processId" from-field="parameters.processId" />
				<set field="isActive" from-field="parameters.isActive" />
           </actions>
           <widgets>           
	           <section>
		           <!-- <condition>
		           		<if-compare operator="equals" value="" field="isActive"/>
		           </condition> -->
		      		<widgets>                       
	              		 <container style="button-bar" > 	              		                      		 
		                        <link target="SendForProcessPerfAppraisal" text="Send For Process" style="buttontext create" >
		                        	<parameter param-name="processId"/>
		                        </link>
		                        <link target="RemovePerfAppraisal" text="Remove" style="buttontext create">
		                       		<parameter param-name="processId"/>
		                       	</link>		                       		      			
	                      </container>
	                      
	               </widgets><!-- 
	               <fail-widgets>
	                	<container style="button-bar">   
	                        <link target="SendForProcessPerfAppraisal" text="Send For Process" style="buttontext create" >
	                        	<parameter param-name="processId"/>
	                        </link>
	                      </container>	               
	               </fail-widgets>	 -->	      		    
	           </section>	          
           </widgets>
		</section>
	</screen>
	
	
	
	<screen name="AddPerformanceAppriasal">
        <section>
            <actions>
                <set field="titleProperty" value="Performance Appraisal Setup"/>
                <set field="headerItem" value="PerfAppraisal"/>
                <set field="perfApprCtx" from-field="parameters"/>
                <set field="partyId" from-field="parameters.partyId"/>
            </actions>
            <widgets>               
                <decorator-screen name="main-decorator" location="${parameters.mainDecoratorLocation}">
                    <decorator-section name="body">
	                    <decorator-screen name="FindScreenDecorator" location="component://common/widget/CommonScreens.xml">
                            <decorator-section name="menu-bar">
                                <section>
                                    <widgets>
                                        <container style="button-bar">
                                            <link target="InitiatePerformanceAppriasal?partyId=${userLogin.partyId}" text="Create Performance Appraisal" style="buttontext create"/>
                                        </container>
                                    </widgets>
                                </section>
                            </decorator-section>
                        </decorator-screen>
                    </decorator-section>
                </decorator-screen>
            </widgets>
        </section>
    </screen>   
        
    <screen name="FindPerformanceAppraisal">
        <section>
            <actions>
                <set field="titleProperty" value="Performance Appraisal Setup"/>
                <set field="headerItem" value="PerfAppraisal"/>
                <set field="tabButtonItem" value="PerfApprProcessView"/>
                <set field="perfApprCtx" from-field="parameters"/>
                <!-- <set field="partyId" from-field="parameters.partyId"/> -->
				<set field="parameters.partyId" value="${parameters.partyId}"  default-value="${userLogin.partyId}" /> 
                <entity-one entity-name="PerfApprProcess" value-field="perfApprProcess"/>
                <set field="PerfApprProcessCtx" from-field="parameters"/>
            </actions>
            <widgets>
                <decorator-screen name="main-decorator" location="${parameters.mainDecoratorLocation}">
                    <decorator-section name="body">
                    <include-menu name="PerformanceAppraisalMenus" location="component://humanres/widget/perfappr/PerformanceAppraisalMenus.xml"/>
                        <decorator-screen name="FindScreenDecorator" location="component://common/widget/CommonScreens.xml">
                            <decorator-section name="menu-bar">
                                <section>
                                    <widgets>
                                        <container style="button-bar">
                                           <link target="InitiatePerformanceAppriasal?partyId=${userLogin.partyId}" text="Create Performance Appraisal" style="buttontext create"/>
                                        </container>
                                    </widgets>
                                </section>
                            </decorator-section>
                            <decorator-section name="search-options">
                                <include-form name="FindPerformanceAppraisal" location="component://humanres/widget/perfappr/PerfApprForms.xml"/>
                            </decorator-section>
                            <decorator-section name="search-results">
                                <include-form name="ListPerformanceAppraisal" location="component://humanres/widget/perfappr/PerfApprForms.xml"/>
                            </decorator-section>
                        </decorator-screen>
                    </decorator-section>
                </decorator-screen>
            </widgets>
        </section>
    </screen>
    
   <screen name="CreatePerfApprBusinessKPI">
		<section>
			<actions>
               <set field="headerItem" value="PerfAppraisal"/>
           </actions>
           <widgets>
               <screenlet title="Objective/Goal (Business KPI) Settings" >
                   <section>
                       <widgets>
                          <include-form name="CreatePerfApprBusinessKPI" location="component://humanres/widget/perfappr/PerfApprForms.xml"/> 
                       </widgets>
                   </section>
               </screenlet>
           </widgets>
		</section>
	</screen>
	
	 <screen name="CreatePerfApprDevelopmentPlan">
		<section>
			<actions>
               <set field="headerItem" value="PerfAppraisal"/>
           </actions>
           <widgets>
               <screenlet title="Performance Appraisal Development Settings" >
                   <section>
                       <widgets>
                          <include-form name="CreatePerfApprDevelopmentPlan" location="component://humanres/widget/perfappr/PerfApprForms.xml"/> 
                       </widgets>
                   </section>
               </screenlet>
           </widgets>
		</section>
	</screen>
	
	  <screen name="BehaviorKpiPopup">
		<section>
			<actions>
				<set field="headerItem" value="PerfAppraisal"/>
			</actions>
			<widgets>
					<section>
						<widgets>
							<screenlet title="Add Behavior Kpi">
								<include-form location="component://humanres/widget/perfappr/PerfApprForms.xml" name="AddBehaviorKpi" /> 
							</screenlet>
						</widgets>
					</section>
			</widgets>
		</section>
	</screen>
	
	
	<screen name="PerfApprListView">
        <section>
            <actions>
                <set field="titleProperty" value="Performance Appraisal Setup"/>
                <set field="headerItem" value="PerfAppraisal"/>
                <set field="tabButtonItem" value="PerfApprView"/>
                <set field="partyId" from-field="parameters.partyId"/>
				<set field="parameters.partyId" value="${parameters.partyId}"  default-value="${userLogin.partyId}" /> 
                <entity-one entity-name="PerfApprProcess" value-field="perfApprProcess"/>               
            </actions>
            <widgets>
                <decorator-screen name="main-decorator" location="${parameters.mainDecoratorLocation}">
                    <decorator-section name="body">
                    <include-menu name="PerformanceAppraisalMenus" location="component://humanres/widget/perfappr/PerformanceAppraisalMenus.xml"/>
                           <screenlet title="Performance Appraisal View" >
                                <include-form name="PerfApprListView" location="component://humanres/widget/perfappr/PerfApprForms.xml"/>
                         </screenlet>
                    </decorator-section>
                </decorator-screen>
            </widgets>
        </section>
    </screen>
</screens>