<?xml version="1.0" encoding="UTF-8"?>
<!--
    Licensed to the Apache Software Foundation (ASF) under one
    or more contributor license agreements.  See the NOTICE file
    distributed with this work for additional information
    regarding copyright ownership.  The ASF licenses this file
    to you under the Apache License, Version 2.0 (the
    "License"); you may not use this file except in compliance
    with the License.  You may obtain a copy of the License at

    http://www.apache.org/licenses/LICENSE-2.0

    Unless required by applicable law or agreed to in writing,
    software distributed under the License is distributed on an
    "AS IS" BASIS, WITHOUT WARRANTIES OR CONDITIONS OF ANY
    KIND, either express or implied.  See the License for the
    specific language governing permissions and limitations
    under the License.
-->

<screens xmlns:xsi="http://www.w3.org/2001/XMLSchema-instance"
        xsi:noNamespaceSchemaLocation="http://ofbiz.apache.org/dtds/widget-screen.xsd">
    <screen name="LookupBudget">
        <section>
            <actions>
                <property-map resource="HumanResUiLabels" map-name="uiLabelMap" global="true"/>
                <set field="title" value="${uiLabelMap.HumanResLookupBudgetByName}"/>
            </actions>
            <widgets>
                <decorator-screen name="LookupDecorator" location="component://common/widget/CommonScreens.xml">
                    <decorator-section name="search-options">
                        <include-form name="LookupBudget" location="component://humanres/widget/forms/LookupForms.xml"/>
                    </decorator-section>
                    <decorator-section name="search-results">
                        <include-form name="ListBudgets" location="component://humanres/widget/forms/LookupForms.xml"/>
                    </decorator-section>
                </decorator-screen>
            </widgets>
        </section>
    </screen>
    <screen name="LookupBudgetItem">
        <section>
            <actions>
                <property-map resource="HumanResUiLabels" map-name="uiLabelMap" global="true"/>
                <set field="title" value="${uiLabelMap.HumanResLookupBudgetItemByName}"/>
            </actions>
            <widgets>
                <decorator-screen name="LookupDecorator" location="component://common/widget/CommonScreens.xml">
                    <decorator-section name="search-options">
                        <include-form name="LookupBudgetItem" location="component://humanres/widget/forms/LookupForms.xml"/>
                    </decorator-section>
                    <decorator-section name="search-results">
                        <include-form name="ListBudgetItems" location="component://humanres/widget/forms/LookupForms.xml"/>
                    </decorator-section>
                </decorator-screen>
            </widgets>
        </section>
    </screen>
    <screen name="LookupEmplPosition">
        <section>
            <actions>
                <property-map resource="HumanResUiLabels" map-name="uiLabelMap" global="true"/>
                <set field="title" value="${uiLabelMap.HumanResLookupEmplPositionByName}"/>
            </actions>
            <widgets>
                <decorator-screen name="LookupDecorator" location="component://common/widget/CommonScreens.xml">
                    <decorator-section name="search-options">
                        <include-form name="LookupEmplPosition" location="component://humanres/widget/forms/LookupForms.xml"/>
                    </decorator-section>
                    <decorator-section name="search-results">
                        <include-form name="ListEmplPositions" location="component://humanres/widget/forms/LookupForms.xml"/>
                    </decorator-section>
                </decorator-screen>
            </widgets>
        </section>
    </screen>
    <screen name="LookupTerminationReason">
        <section>
            <actions>
                <property-map resource="HumanResUiLabels" map-name="uiLabelMap" global="true"/>
                <set field="title" value="${uiLabelMap.HumanResLookupTerminationReason}"/>
            </actions>
            <widgets>
                <decorator-screen name="LookupDecorator" location="component://common/widget/CommonScreens.xml">
                    <decorator-section name="search-options">
                        <include-form name="LookupTerminationReason" location="component://humanres/widget/forms/LookupForms.xml"/>
                    </decorator-section>
                    <decorator-section name="search-results">
                        <include-form name="ListTerminationReasons" location="component://humanres/widget/forms/LookupForms.xml"/>
                    </decorator-section>
                </decorator-screen>
            </widgets>
        </section>
    </screen>
    <screen name="LookupSalaryStep">
        <section>
            <actions>
                <property-map resource="HumanResUiLabels" map-name="uiLabelMap" global="true"/>
                <set field="title" value="${uiLabelMap.HumanResLookupSalaryStepSeqId}"/>
            </actions>
            <widgets>
                <decorator-screen name="LookupDecorator" location="component://common/widget/CommonScreens.xml">
                    <decorator-section name="search-options">
                        <include-form name="LookupSalaryStep" location="component://humanres/widget/forms/LookupForms.xml"/>
                    </decorator-section>
                    <decorator-section name="search-results">
                        <include-form name="ListSalarySteps" location="component://humanres/widget/forms/LookupForms.xml"/>
                    </decorator-section>
                </decorator-screen>
            </widgets>
        </section>
    </screen>
    <screen name="LookupPayGrade">
        <section>
            <actions>
                <property-map resource="HumanResUiLabels" map-name="uiLabelMap" global="true"/>
                <set field="title" value="${uiLabelMap.HumanResLookupPayGrade}"/>
            </actions>
            <widgets>
                <decorator-screen name="LookupDecorator" location="component://common/widget/CommonScreens.xml">
                    <decorator-section name="search-options">
                        <include-form name="LookupPayGrade" location="component://humanres/widget/forms/LookupForms.xml"/>
                    </decorator-section>
                    <decorator-section name="search-results">
                        <include-form name="ListPayGrades" location="component://humanres/widget/forms/LookupForms.xml"/>
                    </decorator-section>
                </decorator-screen>
            </widgets>
        </section>
    </screen>
    <screen name="LookupPayRollPreference">
        <section>
            <actions>
                <property-map resource="HumanResUiLabels" map-name="uiLabelMap" global="true"/>
                <set field="title" value="${uiLabelMap.HumanResLookupPayRollPreference}"/>
            </actions>
            <widgets>
                <decorator-screen name="LookupDecorator" location="component://common/widget/CommonScreens.xml">
                    <decorator-section name="search-options">
                        <include-form name="LookupPayRollPreference" location="component://humanres/widget/forms/LookupForms.xml"/>
                    </decorator-section>
                    <decorator-section name="search-results">
                        <include-form name="ListPayRollPreferences" location="component://humanres/widget/forms/LookupForms.xml"/>
                    </decorator-section>
                </decorator-screen>
            </widgets>
        </section>
    </screen>
    <screen name="LookupUnemploymentClaim">
        <section>
            <actions>
                <property-map resource="HumanResUiLabels" map-name="uiLabelMap" global="true"/>
                <set field="title" value="${uiLabelMap.HumanResLookupUnemploymentClaim}"/>
            </actions>
            <widgets>
                <decorator-screen name="LookupDecorator" location="component://common/widget/CommonScreens.xml">
                    <decorator-section name="search-options">
                        <include-form name="LookupUnemploymentClaim" location="component://humanres/widget/forms/LookupForms.xml"/>
                    </decorator-section>
                    <decorator-section name="search-results">
                        <include-form name="ListUnemploymentClaims" location="component://humanres/widget/forms/LookupForms.xml"/>
                    </decorator-section>
                </decorator-screen>
            </widgets>
        </section>
    </screen>

    <!-- TO BE REMOVED
    <screen name="LookupAgreement">
        <section>
            <actions>
                <property-map resource="HumanResUiLabels" map-name="uiLabelMap" global="true"/>
                <set field="title" value="${uiLabelMap.HumanResLookupAgreement}"/>
            </actions>
            <widgets>
                <decorator-screen name="LookupDecorator" location="component://common/widget/CommonScreens.xml">
                    <decorator-section name="search-options">
                        <include-form name="LookupAgreement" location="component://humanres/widget/forms/LookupForms.xml"/>
                    </decorator-section>
                    <decorator-section name="search-results">
                        <include-form name="ListAgreements" location="component://humanres/widget/forms/LookupForms.xml"/>
                    </decorator-section>
                </decorator-screen>
            </widgets>
        </section>
    </screen>
    -->

    <screen name="LookupAgreementEmploymentAppl">
        <section>
            <actions>
                <property-map resource="HumanResUiLabels" map-name="uiLabelMap" global="true"/>
                <set field="title" value="${uiLabelMap.HumanResLookupAgreementEmploymentAppl}"/>
            </actions>
            <widgets>
                <decorator-screen name="LookupDecorator" location="component://common/widget/CommonScreens.xml">
                    <decorator-section name="search-options">
                        <include-form name="LookupAgreementEmploymentAppl" location="component://humanres/widget/forms/LookupForms.xml"/>
                    </decorator-section>
                    <decorator-section name="search-results">
                        <include-form name="ListAgreementEmploymentAppls" location="component://humanres/widget/forms/LookupForms.xml"/>
                    </decorator-section>
                </decorator-screen>
            </widgets>
        </section>
    </screen>
    <screen name="LookupPerfReview">
        <section>
            <actions>
                <property-map resource="HumanResUiLabels" map-name="uiLabelMap" global="true"/>
                <set field="title" value="${uiLabelMap.HumanResLookupPerfReview}"/>
            </actions>
            <widgets>
                <decorator-screen name="LookupDecorator" location="component://common/widget/CommonScreens.xml">
                    <decorator-section name="search-options">
                        <include-form name="LookupPerfReview" location="component://humanres/widget/forms/LookupForms.xml"/>
                    </decorator-section>
                    <decorator-section name="search-results">
                        <include-form name="ListPerfReviews" location="component://humanres/widget/forms/LookupForms.xml"/>
                    </decorator-section>
                </decorator-screen>
            </widgets>
        </section>
    </screen>
    <screen name="LookupPartyResume">
        <section>
            <actions>
                <property-map resource="HumanResUiLabels" map-name="uiLabelMap" global="true"/>
                <set field="title" value="${uiLabelMap.HumanResLookupPartyResume}"/>
            </actions>
            <widgets>
                <decorator-screen name="LookupDecorator" location="component://common/widget/CommonScreens.xml">
                    <decorator-section name="search-options">
                        <include-form name="LookupPartyResume" location="component://humanres/widget/forms/LookupForms.xml"/>
                    </decorator-section>
                    <decorator-section name="search-results">
                        <include-form name="ListPartyResumes" location="component://humanres/widget/forms/LookupForms.xml"/>
                    </decorator-section>
                </decorator-screen>
            </widgets>
        </section>
    </screen>
    <screen name="LookupEmploymentApp">
        <section>
            <actions>
                <property-map resource="HumanResUiLabels" map-name="uiLabelMap" global="true"/>
                <set field="title" value="${uiLabelMap.HumanResLookupEmploymentApp}"/>
            </actions>
            <widgets>
                <decorator-screen name="LookupDecorator" location="component://common/widget/CommonScreens.xml">
                    <decorator-section name="search-options">
                        <include-form name="LookupEmploymentApp" location="component://humanres/widget/forms/LookupForms.xml"/>
                    </decorator-section>
                    <decorator-section name="search-results">
                        <include-form name="ListEmploymentApps" location="component://humanres/widget/forms/LookupForms.xml"/>
                    </decorator-section>
                </decorator-screen>
            </widgets>
        </section>
    </screen>
    <screen name="LookupJobRequisition">
        <section>
            <actions>
                <property-map resource="HumanResUiLabels" map-name="uiLabelMap" global="true"/>
                <set field="title" value="${uiLabelMap.LookupJobReq}"/>
            </actions>
            <widgets>
                <decorator-screen name="LookupDecorator" location="component://common/widget/CommonScreens.xml">
                    <decorator-section name="body">
                        <include-form name="LookupJobRequisition" location="component://humanres/widget/forms/LookupForms.xml"/>
                        <include-form name="ListLookupJobRequisition" location="component://humanres/widget/forms/LookupForms.xml"/>
                    </decorator-section>
                </decorator-screen>
            </widgets>
        </section>
    </screen>
    <!--  unused screen
    <screen name="LookupJobInterview">
        <section>
            <actions>
                <property-map resource="HumanResUiLabels" map-name="uiLabelMap" global="true"/>
                <set field="title" value="${uiLabelMap.LookupJobInterview}"/>
            </actions>
            <widgets>
                <decorator-screen name="LookupDecorator" location="component://common/widget/CommonScreens.xml">
                    <decorator-section name="body">
                        <include-form name="LookupJobInterview" location="component://humanres/widget/forms/LookupForms.xml"/>
                        <include-form name="ListLookupJobInterview" location="component://humanres/widget/forms/LookupForms.xml"/>
                    </decorator-section>
                </decorator-screen>
            </widgets>
        </section>
    </screen>
    -->
    <screen name="LookupTraining">
        <section>
            <actions>
                 <property-map resource="HumanResUiLabels" map-name="uiLabelMap" global="true"/>
                 <set field="title" value="${uiLabelMap.LookupTraining}"/>
            </actions>
            <widgets>
                <decorator-screen name="LookupDecorator" location="component://common/widget/CommonScreens.xml">
                    <decorator-section name="search-options">
                        <include-form name="LookupTraining" location="component://humanres/widget/forms/LookupForms.xml"/>
                    </decorator-section>
                    <decorator-section name="search-results">
                        <include-form name="ListLookupTraining" location="component://humanres/widget/forms/LookupForms.xml"/>
                    </decorator-section>
                </decorator-screen>
            </widgets>
        </section>
    </screen>
    
    <screen name="LookupForEmplTerminate">
        <section>
            <actions></actions>
            <widgets>
                <decorator-screen name="LookupDecorator" location="component://common/widget/CommonScreens.xml">
                    <decorator-section name="body">
                    	<screenlet title="Employee Terminate">
                            <section>
                                <widgets>
                                    <include-form name="LookupForEmplTerminate" location="component://humanres/widget/forms/LookupForms.xml"/>
                                </widgets>
                            </section>
                        </screenlet>
                    	
                    </decorator-section>
                </decorator-screen>
            </widgets>
        </section>
    </screen>
    
    <screen name="LookupForEmplPositionChange">
        <section>
            <actions>
            	<entity-and list="employeeBUInfo" entity-name="PartyAndPersonAndFulfillment">
            		<field-map field-name="partyId" from-field="parameters.partyId"/>
            		<field-map field-name="employeePartyId" from-field="parameters.partyId"/>
            		<field-map field-name="emplPositionId" from-field="parameters.currentPosition"/>
            		<field-map field-name="partyTypeId" value="PERSON"/>
            		<field-map field-name="roleTypeId" value="EMPLOYEE"/>
            		<field-map field-name="statusId" value="EMPL_POS_ACTIVE"/>
            	</entity-and>
            	<set field="currentBusinessUnitId" value="${employeeBUInfo[0].positionPartyId}"/>
            </actions>
            <widgets>
                <decorator-screen name="LookupDecorator" location="component://common/widget/CommonScreens.xml">
                    <decorator-section name="body">
                    	<screenlet title="Employee Position Change ">
                    
                            <section>
                                <widgets>
                                    <include-form name="LookupForEmplPositionChange" location="component://humanres/widget/forms/LookupForms.xml"/>
                                </widgets>
                            </section>
                        </screenlet>
                    	
                    </decorator-section>
                </decorator-screen>
            </widgets>
        </section>
    </screen>
</screens>
