<?xml version="1.0" encoding="UTF-8"?>
<!--
    Licensed to the Apache Software Foundation (ASF) under one
    or more contributor license agreements.  See the NOTICE file
    distributed with this work for additional information
    regarding copyright ownership.  The ASF licenses this file
    to you under the Apache License, Version 2.0 (the
    "License"); you may not use this file except in compliance
    with the License.  You may obtain a copy of the License at

    http://www.apache.org/licenses/LICENSE-2.0

    Unless required by applicable law or agreed to in writing,
    software distributed under the License is distributed on an
    "AS IS" BASIS, WITHOUT WARRANTIES OR CONDITIONS OF ANY
    KIND, either express or implied.  See the License for the
    specific language governing permissions and limitations
    under the License.
-->

<screens xmlns:xsi="http://www.w3.org/2001/XMLSchema-instance"
        xsi:noNamespaceSchemaLocation="http://ofbiz.apache.org/dtds/widget-screen.xsd">
    <screen name="FindPartyResumes">
        <section>
            <actions>
                <set field="titleProperty" value="HumanResFindPartyResume"/>
                <set field="headerItem" value="PartyResume"/>
                <set field="partyResumeCtx" from-field="parameters"/>
                <set field="insideParty.partyResume" value="true"/>
            </actions>
            <widgets>
                <decorator-screen name="main-decorator" location="${parameters.mainDecoratorLocation}">
                    <decorator-section name="body">
                        <decorator-screen name="FindScreenDecorator" location="component://common/widget/CommonScreens.xml">
                            <decorator-section name="menu-bar">
                                <section>
                                    <widgets>
                                        <container style="button-bar">
                                            <link target="EditPartyResume" text="${uiLabelMap.HumanResNewPartyResume}" style="buttontext create"/>
                                        </container>
                                    </widgets>
                                </section>
                            </decorator-section>
                            <decorator-section name="search-options">
                                <include-form name="FindPartyResumes" location="component://humanres/widget/forms/PartyResumeForms.xml"/>
                            </decorator-section>
                            <decorator-section name="search-results">
                                <include-form name="ListPartyResumes" location="component://humanres/widget/forms/PartyResumeForms.xml"/>
                            </decorator-section>
                        </decorator-screen>
                    </decorator-section>
                </decorator-screen>
            </widgets>
        </section>
    </screen>
    <screen name="EditPartyResume">
        <section>
            <actions>
                <set field="headerItem" value="PartyResume"></set>
                <set field="tabButtonItem" value="EditPartySkill"/>
                <set field="resumeId" from-field="parameters.resumeId"/>
                <set field="partyId" from-field="parameters.partyId"/>
                <entity-one entity-name="PartyResume" value-field="partyResume"/>
            </actions>
            <widgets>
                <decorator-screen name="main-decorator" location="${parameters.mainDecoratorLocation}">
                    <decorator-section name="body">
                        <screenlet title="${uiLabelMap.HumanResEditPartyResume}">
                             <section>
                                  <widgets>
                                       <include-form name="EditPartyResume" location="component://humanres/widget/forms/PartyResumeForms.xml"/>
                                  </widgets>
                             </section>
                        </screenlet>
                    </decorator-section>
                </decorator-screen>
            </widgets>
        </section>
    </screen>
</screens>
