<?xml version="1.0" encoding="UTF-8"?>
<screens xmlns:xsi="http://www.w3.org/2001/XMLSchema-instance"
    xsi:noNamespaceSchemaLocation="http://ofbiz.apache.org/dtds/widget-screen.xsd">
    
    
    <screen name="profileBasicInfoChangeRequisition">
        <section>             
            <actions>   
                <set field="titleProperty" value="Profile Information Update Requisition"/>
                <set field="headerItem" value="PartyQual"/>
                <set field="tabButtonItem" value="profileBasicInfoChangeRequisition"/>
                <set field="basicInfoUpdateRequCtx" from-field="parameters"/>
                <entity-and entity-name="UserLogin" list="userLoginList">
                    <field-map field-name="userLoginId"  from-field="parameters.employeeId"/>
             	</entity-and>
				<set field="partyId" value="${userLoginList[0].partyId}"/>
             	<!-- <entity-and entity-name="BasicInfoUpdateRequ" list="basicInfoUpdateRequList">
                    <field-map field-name="partyId"  from-field="partyId"/>
             	</entity-and> -->
             	<entity-condition entity-name="BasicInfoUpdateRequ" list="basicInfoUpdateRequList">
             	 	<condition-list>
	             	 	<condition-expr field-name="partyId" operator="equals" ignore-if-null="true" from-field="partyId"/>
	             	 	<condition-expr field-name="status" operator="equals" value="Request Send"/>
		            </condition-list>		            
		        </entity-condition>
                <service service-name="humanResManagerPermission" result-map="permResult">
                    <field-map field-name="mainAction" value="ADMIN"/>
                </service>
                
                <set field="hasAdminPermission" from-field="permResult.hasPermission"/>
            </actions>
            <widgets>
                <decorator-screen name="main-decorator" location="${parameters.mainDecoratorLocation}">
                     <decorator-section name="body">
                        <include-menu location="component://humanres/widget/HumanresMenus.xml" name="QualificationMenu"/>
                    <section>
                            <condition>
                                <if-has-permission permission="HUMANRES" action="_VIEW"/>
                            </condition>
                            <widgets>
                                <decorator-screen name="FindScreenDecorator" location="component://common/widget/CommonScreens.xml">
                                    <decorator-section name="search-options">
                                        <include-form name="FindProfileBasicInfoChangeRequisition" location="component://humanres/widget/forms/ProfileInfoUpgradeRequisitionForms.xml"/>
                                    </decorator-section>
                                    <decorator-section name="search-results">
                                        <include-form name="ListProfileBasicInfoChangeRequisition" location="component://humanres/widget/forms/ProfileInfoUpgradeRequisitionForms.xml"/>
                                    </decorator-section>
                                </decorator-screen>
                            </widgets>
                            <fail-widgets>
                                <label style="h3">${uiLabelMap.HumanResViewPermissionError}</label>
                            </fail-widgets>
                        </section>
                    </decorator-section>
                </decorator-screen>
            </widgets>
        </section>
    </screen>
    
</screens>
