<?xml version="1.0" encoding="UTF-8"?>
<!--
    Licensed to the Apache Software Foundation (ASF) under one
    or more contributor license agreements.  See the NOTICE file
    distributed with this work for additional information
    regarding copyright ownership.  The ASF licenses this file
    to you under the Apache License, Version 2.0 (the
    "License"); you may not use this file except in compliance
    with the License.  You may obtain a copy of the License at

    http://www.apache.org/licenses/LICENSE-2.0

    Unless required by applicable law or agreed to in writing,
    software distributed under the License is distributed on an
    "AS IS" BASIS, WITHOUT WARRANTIES OR CONDITIONS OF ANY
    KIND, either express or implied.  See the License for the
    specific language governing permissions and limitations
    under the License.
-->

<simple-methods xmlns:xsi="http://www.w3.org/2001/XMLSchema-instance"
        xsi:noNamespaceSchemaLocation="http://ofbiz.apache.org/dtds/simple-methods-v2.xsd">
        
        


    <simple-method method-name="updatePerfReviewType" short-description="Update PerfReviewType">
        <entity-one entity-name="PerfReviewType" value-field="lookedUpValue"/>
        <set-nonpk-fields value-field="lookedUpValue" map="parameters"/>
        <store-value value-field="lookedUpValue"/>
        <set field="successMessage" value="Performance Appraisal Review Type Updated Successfully"/>
    </simple-method>

    <simple-method method-name="deletePerfReviewType" short-description="Delete PerfReviewType">
        <entity-one entity-name="PerfReviewType" value-field="lookedUpValue"/>
        <remove-value value-field="lookedUpValue"/>
        <set field="successMessage" value="Performance Appraisal Review Type Successfully Deleted"/>
    </simple-method>
    
    <!--  PerfRatingType -->   

    <simple-method method-name="updatePerfRatingType" short-description="Update PerfRatingType">
        <entity-one entity-name="PerfApRatingType" value-field="lookedUpValue"/>
        <set-nonpk-fields value-field="lookedUpValue" map="parameters"/>
        <store-value value-field="lookedUpValue"/>
        <set field="successMessage" value="Performance Appraisal Rating Type Updated Successfully"/>
    </simple-method>

    <simple-method method-name="deletePerfRatingType" short-description="Delete PerfRatingType">
        <entity-one entity-name="PerfApRatingType" value-field="lookedUpValue"/>
        <remove-value value-field="lookedUpValue"/>
        <set field="successMessage" value="Performance Appraisal Rating Type Successfully Deleted"/>
    </simple-method>
    
    <!-- PerfApprKpiType-->
    <simple-method method-name="updatePerfKpiType" short-description="Update PerfKpiType">
        <entity-one entity-name="PerfApprKpi" value-field="lookedUpValue"/>
        <set-nonpk-fields value-field="lookedUpValue" map="parameters"/>
        <store-value value-field="lookedUpValue"/>
        <set field="successMessage" value="Performance Appraisal KPI Type Updated Successfully"/>
    </simple-method>

    <simple-method method-name="deletePerfKpiType" short-description="Delete PerfKpiType">
        <entity-one entity-name="PerfApprKpi" value-field="lookedUpValue"/>
        <remove-value value-field="lookedUpValue"/>
        <set field="successMessage" value="Performance Appraisal Rating Type Successfully Deleted"/>
    </simple-method>
    
    <!-- PerfApprDevReqType-->
    <simple-method method-name="updatePerfDevReqType" short-description="Update PerfDevReqType">
        <entity-one entity-name="PerfApprDevReq" value-field="lookedUpValue"/>
        <set-nonpk-fields value-field="lookedUpValue" map="parameters"/>
        <store-value value-field="lookedUpValue"/>
        <set field="successMessage" value="Performance Appraisal Development Requirement Updated Successfully"/>
    </simple-method>

    <simple-method method-name="deletePerfDevReqType" short-description="Delete PerfDevReqType">
        <entity-one entity-name="PerfApprDevReq" value-field="lookedUpValue"/>
        <remove-value value-field="lookedUpValue"/>
        <set field="successMessage" value="Performance Appraisal Development Requirement Successfully Deleted"/>
    </simple-method>
    
    <!-- PerfAppr Type-->
    <simple-method method-name="updatePerfType" short-description="Update PerfType">
        <entity-one entity-name="PerfApprType" value-field="lookedUpValue"/>
        <set-nonpk-fields value-field="lookedUpValue" map="parameters"/>
        <store-value value-field="lookedUpValue"/>
        <set field="successMessage" value="Performance Appraisal Type Updated Successfully"/>
    </simple-method>

    <simple-method method-name="deletePerfType" short-description="Delete Perf Type">
        <entity-one entity-name="PerfApprType" value-field="lookedUpValue"/>
        <remove-value value-field="lookedUpValue"/>
        <set field="successMessage" value="Performance Appraisal Type Successfully Deleted"/>
    </simple-method>
    
    <!-- PerfAppr Objective Type-->
    <simple-method method-name="updatePerfObjectiveType" short-description="Update PerfObjectiveType">
        <entity-one entity-name="ObjectiveType" value-field="lookedUpValue"/>
        <set-nonpk-fields value-field="lookedUpValue" map="parameters"/>
        <store-value value-field="lookedUpValue"/>
        <set field="successMessage" value="Performance Appraisal Objective Type Updated Successfully"/>
    </simple-method>

    <simple-method method-name="deletePerfObjectiveType" short-description="Delete Perf Objective Type">
        <entity-one entity-name="ObjectiveType" value-field="lookedUpValue"/>
        <remove-value value-field="lookedUpValue"/>
        <set field="successMessage" value="Performance Appraisal Objective Type Successfully Deleted"/>
    </simple-method>
    
    <!-- PerfAppr Business Kpi-->
    <simple-method method-name="deletePerfApprBusinessKpi" short-description="Delete Perf Business kpi Type">
        <entity-one entity-name="PerfApprBusinessKpi" value-field="lookedUpValue"/>
        <remove-value value-field="lookedUpValue"/>
        <field-to-result field="lookedUpValue.processId" result-name="processId"/>
        <set field="successMessage" value="Performance Appraisal Business KPI Successfully Deleted"/>
    </simple-method>
    <!-- PerfAppr Behavior Kpi-->
    <simple-method method-name="deletePerfApprBehaviorKpi" short-description="Delete Perf Behavior kpi Type">
        <entity-one entity-name="PerfApprBehaviourKpi" value-field="lookedUpValue"/>
        <remove-value value-field="lookedUpValue"/>
        <field-to-result field="lookedUpValue.processId" result-name="processId"/>
        <set field="successMessage" value="Performance Appraisal Behavior KPI Successfully Deleted"/>
    </simple-method>
    <!-- PerfAppr Development Plan-->
    <simple-method method-name="deletePerfApprDevelopmentPlan" short-description="Delete Perf Development Plan">
        <entity-one entity-name="PerfApprDevelopmentPlan" value-field="lookedUpValue"/>
        <remove-value value-field="lookedUpValue"/>
        <field-to-result field="lookedUpValue.processId" result-name="processId"/>
        <set field="successMessage" value="Performance Appraisal Developement Plan Successfully Deleted"/>
    </simple-method>
    
    <!-- Performance Appraisal Approver Assign-->
    <simple-method method-name="updatePerfApprApproverAssign" short-description="Update PerfApprApproverAssign">
        <entity-one entity-name="PartyPerfApprWorkflow" value-field="lookedUpValue"/>
        <set-nonpk-fields value-field="lookedUpValue" map="parameters"/>
        <store-value value-field="lookedUpValue"/>
        <set field="successMessage" value="Performance Appraisal Approver Assign Updated Successfully"/>
    </simple-method>

    <simple-method method-name="deletePerfApprApproverAssign" short-description="Delete PerfApprApproverAssign">
        <entity-one entity-name="PartyPerfApprWorkflow" value-field="lookedUpValue"/>
        <remove-value value-field="lookedUpValue"/>
        <set field="successMessage" value="Performance Appraisal Approver Assign Successfully Deleted"/>
    </simple-method>
    
</simple-methods>