<?xml version="1.0" encoding="UTF-8"?>
<!--
Licensed to the Apache Software Foundation (ASF) under one
or more contributor license agreements.  See the NOTICE file
distributed with this work for additional information
regarding copyright ownership.  The ASF licenses this file
to you under the Apache License, Version 2.0 (the
"License"); you may not use this file except in compliance
with the License.  You may obtain a copy of the License at

http://www.apache.org/licenses/LICENSE-2.0

Unless required by applicable law or agreed to in writing,
software distributed under the License is distributed on an
"AS IS" BASIS, WITHOUT WARRANTIES OR CONDITIONS OF ANY
KIND, either express or implied.  See the License for the
specific language governing permissions and limitations
under the License.
-->


<site-conf xmlns:xsi="http://www.w3.org/2001/XMLSchema-instance"
        xsi:noNamespaceSchemaLocation="http://ofbiz.apache.org/dtds/site-conf.xsd">
        
    <request-map uri="FindCvBank">
        <security https="true" auth="true"/>
        <response name="success" type="view" value="FindCvBank"/>
    </request-map>
    <request-map uri="createCvBank">
        <security https="true" auth="true"/>
        <event type="service" invoke="createCvBank"/>
        <response name="success" type="request-redirect-noparam" value="FindCvBank"/>
        <response name="error" type="view" value="CreateCvBank"/>
    </request-map>
    <request-map uri="deleteCvBank">
        <security https="true" auth="true"/>
        <event type="service" invoke="deleteCvBank"/>
        <response name="success" type="request-redirect-noparam" value="FindCvBank"/>
    </request-map>
	<request-map uri="EditCvBank">
        <security https="true" auth="true"/>
        <response name="success" type="view" value="EditCvBank"/>
    </request-map>
    <request-map uri="updateCvBank">
        <security https="true" auth="true"/>
        <event type="service" invoke="updateCvBank"/>
        <response name="success" type="request-redirect-noparam" value="FindCvBank"/>
        <response name="error" type="view" value="EditCvBank"/>
    </request-map>
    <request-map uri="ViewCvBank">
        <security https="true" auth="true"/>
        <response name="success" type="view" value="ViewCvBank"/>
    </request-map>
        <request-map uri="CreateCvBank">
        <security https="true" auth="true"/>
        <response name="success" type="view" value="CreateCvBank"/>
    </request-map>
    <request-map uri="addCvBankNotes">
        <security https="true" auth="true"/>
        <response name="success" type="view" value="addCvBankNotes"/>
    </request-map>
    
    <request-map uri="createCvBankNotes">
        <security https="true" auth="true"/>
        <event type="service" invoke="createCvBankNotes"/>
        <response name="success" type="view" value="ViewCvBank"/>
        <response name="error" type="view" value="ViewCvBank"/>
    </request-map>
    <request-map uri="deleteCvBankNotes">
        <security https="true" auth="true"/>
        <event type="service" invoke="deleteCvBankNotes"/>
        <response name="success" type="request-redirect" value="ViewCvBank"/>
        <response name="error" type="view" value="ViewCvBank"/>
    </request-map>
    
    
    <view-map name="FindCvBank" type="screen" page="component://humanres/widget/recruitment/cvbank/CvBankScreens.xml#FindCvBank"/>
    <view-map name="CreateCvBank" type="screen" page="component://humanres/widget/recruitment/cvbank/CvBankScreens.xml#CreateCvBank"/>
	<view-map name="EditCvBank" type="screen" page="component://humanres/widget/recruitment/cvbank/CvBankScreens.xml#EditCvBank"/>
	<view-map name="ViewCvBank" type="screen" page="component://humanres/widget/recruitment/cvbank/CvBankScreens.xml#ViewCvBank"/>
	<view-map name="addCvBankNotes" type="screen" page="component://humanres/widget/recruitment/cvbank/CvBankScreens.xml#addCvBankNotes"/>
	

</site-conf>