<site-conf xmlns:xsi="http://www.w3.org/2001/XMLSchema-instance" xsi:noNamespaceSchemaLocation="http://ofbiz.apache.org/dtds/site-conf.xsd">

	<description> Graphical Chart Design</description>
	
    <request-map uri="ViewEmployeeBarChart">
        <security https="true" auth="false"/>
        <event type="service" invoke="findBusinessUnitItem"/>
        <!-- <event type="java" path="org.ofbiz.humanres.graphicalChart.barChart" invoke="findBusinessUnitItem"></event> -->
        <response name="success" type="request" value="json"/>
        <response name="error" type="request" value="json"/>
    </request-map>

</site-conf>